"Powertrain","chemistry","share_units","year"
"BEV","NMC 111",0.0220749867222248,2022
"BEV","NMC 111",0.0153791661794845,2023
"BEV","NMC 111",0.0109436744531757,2024
"BEV","NMC 111",0.0087018501198421,2025
"BEV","NMC 111",0.00660354439761384,2026
"BEV","NMC 111",0.00504047974836158,2027
"BEV","NMC 111",0.00320237052732898,2028
"BEV","NMC 111",0.00267111114997591,2029
"BEV","NMC 111",0.00213583939695807,2030
"BEV","NMC 111",0.00170593961051831,2031
"BEV","NMC 111",0.00130852614383971,2032
"BEV","NMC 111",0.000945866658656696,2033
"BEV","NMC 111",0.000582748694723244,2034
"BEV","NMC 111",0.000437092136344248,2035
"BEV","NMC 111",0.000349953206500188,2036
"BEV","NMC 111",0.000267074021603095,2037
"BEV","NMC 111",0.000188734051898439,2038
"BEV","NMC 111",0.000114533449235834,2039
"BEV","NMC 111",4.26913669009013e-05,2040
"BEV","NMC 111",2.76659382799269e-05,2041
"BEV","NMC 111",1.79142591104165e-05,2042
"BEV","NMC 111",1.15912246459447e-05,2043
"BEV","NMC 111",7.49484977459993e-06,2044
"BEV","NMC 111",4.84309816484092e-06,2045
"BEV","NMC 111",3.12774728498951e-06,2046
"BEV","NMC 111",2.0188652804029e-06,2047
"BEV","NMC 111",1.30246995687393e-06,2048
"BEV","NMC 111",8.39901754733095e-07,2049
"BEV","NMC 111",5.41382041572621e-07,2050
"BEV","NMC 111",5.41382041572621e-07,2051
"BEV","NMC 111",5.41382041572621e-07,2052
"BEV","NMC 111",5.41382041572621e-07,2053
"BEV","NMC 111",5.41382041572621e-07,2054
"BEV","NMC 111",5.41382041572621e-07,2055
"BEV","NMC 111",5.41382041572621e-07,2056
"BEV","NMC 111",5.41382041572621e-07,2057
"BEV","NMC 111",5.41382041572621e-07,2058
"BEV","NMC 111",5.41382041572621e-07,2059
"BEV","NMC 111",5.41382041572621e-07,2060
"BEV","NMC 111",5.41382041572621e-07,2061
"BEV","NMC 111",5.41382041572621e-07,2062
"BEV","NMC 111",5.41382041572621e-07,2063
"BEV","NMC 111",5.41382041572621e-07,2064
"BEV","NMC 111",5.41382041572621e-07,2065
"BEV","NMC 111",5.41382041572621e-07,2066
"BEV","NMC 111",5.41382041572621e-07,2067
"BEV","NMC 111",5.41382041572621e-07,2068
"BEV","NMC 111",5.41382041572621e-07,2069
"BEV","NMC 111",5.41382041572621e-07,2070
"BEV","LMO",1.70479042204494e-05,2022
"BEV","LMO",1.62583561740631e-05,2023
"BEV","LMO",1.32859117862381e-05,2024
"BEV","LMO",1.22168378151728e-05,2025
"BEV","LMO",1.01253179142003e-05,2026
"BEV","LMO",8.73798912817852e-06,2027
"BEV","LMO",7.60203423379891e-06,2028
"BEV","LMO",7.48391372558618e-06,2029
"BEV","LMO",7.02632378235191e-06,2030
"BEV","LMO",6.93874607094894e-06,2031
"BEV","LMO",6.79532921264455e-06,2032
"BEV","LMO",6.78766827710348e-06,2033
"BEV","LMO",6.70229374734473e-06,2034
"BEV","LMO",6.21208281850012e-06,2035
"BEV","LMO",6.06629304280558e-06,2036
"BEV","LMO",6.01311519899328e-06,2037
"BEV","LMO",5.97340679364853e-06,2038
"BEV","LMO",5.93493306747761e-06,2039
"BEV","LMO",5.90045306811978e-06,2040
"BEV","LMO",5.82239884879113e-06,2041
"BEV","LMO",5.74072375212817e-06,2042
"BEV","LMO",5.65598655931459e-06,2043
"BEV","LMO",5.56869236969082e-06,2044
"BEV","LMO",5.47929666507352e-06,2045
"BEV","LMO",5.3882091815121e-06,2046
"BEV","LMO",5.29579761563374e-06,2047
"BEV","LMO",5.20239116695589e-06,2048
"BEV","LMO",5.10828390627943e-06,2049
"BEV","LMO",5.01373795744564e-06,2050
"BEV","LMO",5.01373795744564e-06,2051
"BEV","LMO",5.01373795744564e-06,2052
"BEV","LMO",5.01373795744564e-06,2053
"BEV","LMO",5.01373795744564e-06,2054
"BEV","LMO",5.01373795744564e-06,2055
"BEV","LMO",5.01373795744564e-06,2056
"BEV","LMO",5.01373795744564e-06,2057
"BEV","LMO",5.01373795744564e-06,2058
"BEV","LMO",5.01373795744564e-06,2059
"BEV","LMO",5.01373795744564e-06,2060
"BEV","LMO",5.01373795744564e-06,2061
"BEV","LMO",5.01373795744564e-06,2062
"BEV","LMO",5.01373795744564e-06,2063
"BEV","LMO",5.01373795744564e-06,2064
"BEV","LMO",5.01373795744564e-06,2065
"BEV","LMO",5.01373795744564e-06,2066
"BEV","LMO",5.01373795744564e-06,2067
"BEV","LMO",5.01373795744564e-06,2068
"BEV","LMO",5.01373795744564e-06,2069
"BEV","LMO",5.01373795744564e-06,2070
"BEV","LFP",0.345379868299084,2022
"BEV","LFP",0.389027677314221,2023
"BEV","LFP",0.414588730571959,2024
"BEV","LFP",0.411012713130032,2025
"BEV","LFP",0.406573769075192,2026
"BEV","LFP",0.404972364413704,2027
"BEV","LFP",0.404188303667633,2028
"BEV","LFP",0.399694280666217,2029
"BEV","LFP",0.376698980357635,2030
"BEV","LFP",0.358773689995149,2031
"BEV","LFP",0.337952407117434,2032
"BEV","LFP",0.320775748079186,2033
"BEV","LFP",0.301795935913794,2034
"BEV","LFP",0.281126535880304,2035
"BEV","LFP",0.261470914580481,2036
"BEV","LFP",0.242563616975513,2037
"BEV","LFP",0.22444529400282,2038
"BEV","LFP",0.20718499488993,2039
"BEV","LFP",0.189503112173192,2040
"BEV","LFP",0.188184269224504,2041
"BEV","LFP",0.186723247264909,2042
"BEV","LFP",0.185135835185642,2043
"BEV","LFP",0.183436487563824,2044
"BEV","LFP",0.18163841028494,2045
"BEV","LFP",0.17975364389729,2046
"BEV","LFP",0.177793145423595,2047
"BEV","LFP",0.175766868525053,2048
"BEV","LFP",0.17368384152782,2049
"BEV","LFP",0.171552242703359,2050
"BEV","LFP",0.171552242703359,2051
"BEV","LFP",0.171552242703359,2052
"BEV","LFP",0.171552242703359,2053
"BEV","LFP",0.171552242703359,2054
"BEV","LFP",0.171552242703359,2055
"BEV","LFP",0.171552242703359,2056
"BEV","LFP",0.171552242703359,2057
"BEV","LFP",0.171552242703359,2058
"BEV","LFP",0.171552242703359,2059
"BEV","LFP",0.171552242703359,2060
"BEV","LFP",0.171552242703359,2061
"BEV","LFP",0.171552242703359,2062
"BEV","LFP",0.171552242703359,2063
"BEV","LFP",0.171552242703359,2064
"BEV","LFP",0.171552242703359,2065
"BEV","LFP",0.171552242703359,2066
"BEV","LFP",0.171552242703359,2067
"BEV","LFP",0.171552242703359,2068
"BEV","LFP",0.171552242703359,2069
"BEV","LFP",0.171552242703359,2070
"BEV","NMC 622",0.212877209732372,2022
"BEV","NMC 622",0.183579934522859,2023
"BEV","NMC 622",0.163989415682314,2024
"BEV","NMC 622",0.147441608624214,2025
"BEV","NMC 622",0.135571868242881,2026
"BEV","NMC 622",0.129198796140231,2027
"BEV","NMC 622",0.122860809148703,2028
"BEV","NMC 622",0.11755917720404,2029
"BEV","NMC 622",0.112483269296128,2030
"BEV","NMC 622",0.104879135798822,2031
"BEV","NMC 622",0.0976431637549668,2032
"BEV","NMC 622",0.0897910907486625,2033
"BEV","NMC 622",0.0817459073662326,2034
"BEV","NMC 622",0.0740679893491674,2035
"BEV","NMC 622",0.0671007994813583,2036
"BEV","NMC 622",0.0605722565554975,2037
"BEV","NMC 622",0.0540819247663992,2038
"BEV","NMC 622",0.0474991578562536,2039
"BEV","NMC 622",0.0411281169183893,2040
"BEV","NMC 622",0.0364569509108943,2041
"BEV","NMC 622",0.0322901428185928,2042
"BEV","NMC 622",0.028578314537804,2043
"BEV","NMC 622",0.025275886468842,2044
"BEV","NMC 622",0.0223410155127961,2045
"BEV","NMC 622",0.0197354697773321,2046
"BEV","NMC 622",0.0174244599605164,2047
"BEV","NMC 622",0.0153764427885157,2048
"BEV","NMC 622",0.0135629082974685,2049
"BEV","NMC 622",0.0119581599156155,2050
"BEV","NMC 622",0.0119581599156155,2051
"BEV","NMC 622",0.0119581599156155,2052
"BEV","NMC 622",0.0119581599156155,2053
"BEV","NMC 622",0.0119581599156155,2054
"BEV","NMC 622",0.0119581599156155,2055
"BEV","NMC 622",0.0119581599156155,2056
"BEV","NMC 622",0.0119581599156155,2057
"BEV","NMC 622",0.0119581599156155,2058
"BEV","NMC 622",0.0119581599156155,2059
"BEV","NMC 622",0.0119581599156155,2060
"BEV","NMC 622",0.0119581599156155,2061
"BEV","NMC 622",0.0119581599156155,2062
"BEV","NMC 622",0.0119581599156155,2063
"BEV","NMC 622",0.0119581599156155,2064
"BEV","NMC 622",0.0119581599156155,2065
"BEV","NMC 622",0.0119581599156155,2066
"BEV","NMC 622",0.0119581599156155,2067
"BEV","NMC 622",0.0119581599156155,2068
"BEV","NMC 622",0.0119581599156155,2069
"BEV","NMC 622",0.0119581599156155,2070
"BEV","NMC 532",0.12393404171362,2022
"BEV","NMC 532",0.137109018647008,2023
"BEV","NMC 532",0.111466308677133,2024
"BEV","NMC 532",0.0852661296369571,2025
"BEV","NMC 532",0.0610585940895516,2026
"BEV","NMC 532",0.0517780914120958,2027
"BEV","NMC 532",0.0428559381763973,2028
"BEV","NMC 532",0.0356932205270028,2029
"BEV","NMC 532",0.0294835328062805,2030
"BEV","NMC 532",0.0257123388991179,2031
"BEV","NMC 532",0.0232483338932316,2032
"BEV","NMC 532",0.0217102765416723,2033
"BEV","NMC 532",0.0203474187602383,2034
"BEV","NMC 532",0.0186112583350778,2035
"BEV","NMC 532",0.0178045088659601,2036
"BEV","NMC 532",0.0168057838026156,2037
"BEV","NMC 532",0.0158154453844977,2038
"BEV","NMC 532",0.0147162042521139,2039
"BEV","NMC 532",0.0135373763501804,2040
"BEV","NMC 532",0.0126648915666967,2041
"BEV","NMC 532",0.0118390417817513,2042
"BEV","NMC 532",0.0110588165602622,2043
"BEV","NMC 532",0.0103229516528067,2044
"BEV","NMC 532",0.00962999058394081,2045
"BEV","NMC 532",0.00897833645226549,2046
"BEV","NMC 532",0.00836629529277268,2047
"BEV","NMC 532",0.00779211213980557,2048
"BEV","NMC 532",0.00725400077654478,2049
"BEV","NMC 532",0.00675016803829527,2050
"BEV","NMC 532",0.00675016803829527,2051
"BEV","NMC 532",0.00675016803829527,2052
"BEV","NMC 532",0.00675016803829527,2053
"BEV","NMC 532",0.00675016803829527,2054
"BEV","NMC 532",0.00675016803829527,2055
"BEV","NMC 532",0.00675016803829527,2056
"BEV","NMC 532",0.00675016803829527,2057
"BEV","NMC 532",0.00675016803829527,2058
"BEV","NMC 532",0.00675016803829527,2059
"BEV","NMC 532",0.00675016803829527,2060
"BEV","NMC 532",0.00675016803829527,2061
"BEV","NMC 532",0.00675016803829527,2062
"BEV","NMC 532",0.00675016803829527,2063
"BEV","NMC 532",0.00675016803829527,2064
"BEV","NMC 532",0.00675016803829527,2065
"BEV","NMC 532",0.00675016803829527,2066
"BEV","NMC 532",0.00675016803829527,2067
"BEV","NMC 532",0.00675016803829527,2068
"BEV","NMC 532",0.00675016803829527,2069
"BEV","NMC 532",0.00675016803829527,2070
"BEV","NMC 811",0.134529822180844,2022
"BEV","NMC 811",0.130571404351539,2023
"BEV","NMC 811",0.148552558011365,2024
"BEV","NMC 811",0.178694600193659,2025
"BEV","NMC 811",0.204086620649544,2026
"BEV","NMC 811",0.215542620807254,2027
"BEV","NMC 811",0.227620292179649,2028
"BEV","NMC 811",0.238824204408371,2029
"BEV","NMC 811",0.25012527223131,2030
"BEV","NMC 811",0.257933369862844,2031
"BEV","NMC 811",0.265708844259272,2032
"BEV","NMC 811",0.272237343351686,2033
"BEV","NMC 811",0.279170505197213,2034
"BEV","NMC 811",0.287222638079047,2035
"BEV","NMC 811",0.293738090742922,2036
"BEV","NMC 811",0.299991537769096,2037
"BEV","NMC 811",0.305882652605419,2038
"BEV","NMC 811",0.311435084306443,2039
"BEV","NMC 811",0.317513925398027,2040
"BEV","NMC 811",0.322960130728323,2041
"BEV","NMC 811",0.328233687378686,2042
"BEV","NMC 811",0.333345360213042,2043
"BEV","NMC 811",0.338305311026404,2044
"BEV","NMC 811",0.343123092105929,2045
"BEV","NMC 811",0.34780764399174,2046
"BEV","NMC 811",0.352367299198368,2047
"BEV","NMC 811",0.356809792261392,2048
"BEV","NMC 811",0.36114227566408,2049
"BEV","NMC 811",0.365371340778885,2050
"BEV","NMC 811",0.365371340778885,2051
"BEV","NMC 811",0.365371340778885,2052
"BEV","NMC 811",0.365371340778885,2053
"BEV","NMC 811",0.365371340778885,2054
"BEV","NMC 811",0.365371340778885,2055
"BEV","NMC 811",0.365371340778885,2056
"BEV","NMC 811",0.365371340778885,2057
"BEV","NMC 811",0.365371340778885,2058
"BEV","NMC 811",0.365371340778885,2059
"BEV","NMC 811",0.365371340778885,2060
"BEV","NMC 811",0.365371340778885,2061
"BEV","NMC 811",0.365371340778885,2062
"BEV","NMC 811",0.365371340778885,2063
"BEV","NMC 811",0.365371340778885,2064
"BEV","NMC 811",0.365371340778885,2065
"BEV","NMC 811",0.365371340778885,2066
"BEV","NMC 811",0.365371340778885,2067
"BEV","NMC 811",0.365371340778885,2068
"BEV","NMC 811",0.365371340778885,2069
"BEV","NMC 811",0.365371340778885,2070
"BEV","NMC 721",0.0535295082954972,2022
"BEV","NMC 721",0.0519544511327367,2023
"BEV","NMC 721",0.0591091644772795,2024
"BEV","NMC 721",0.0711027036857935,2025
"BEV","NMC 721",0.0812062059992474,2026
"BEV","NMC 721",0.0857645563005732,2027
"BEV","NMC 721",0.0905702700035903,2028
"BEV","NMC 721",0.095028314345485,2029
"BEV","NMC 721",0.0995250169647954,2030
"BEV","NMC 721",0.102631864354941,2031
"BEV","NMC 721",0.105725730937515,2032
"BEV","NMC 721",0.108323425193401,2033
"BEV","NMC 721",0.111082135035634,2034
"BEV","NMC 721",0.114286084218851,2035
"BEV","NMC 721",0.116878587291894,2036
"BEV","NMC 721",0.119366838142423,2037
"BEV","NMC 721",0.121710916766691,2038
"BEV","NMC 721",0.123920233139686,2039
"BEV","NMC 721",0.12633900816937,2040
"BEV","NMC 721",0.128506056996768,2041
"BEV","NMC 721",0.130604408796289,2042
"BEV","NMC 721",0.132638346914654,2043
"BEV","NMC 721",0.134611914737053,2044
"BEV","NMC 721",0.136528913125081,2045
"BEV","NMC 721",0.138392899525769,2046
"BEV","NMC 721",0.140207189452353,2047
"BEV","NMC 721",0.141974860481831,2048
"BEV","NMC 721",0.143698758592188,2049
"BEV","NMC 721",0.145381506495035,2050
"BEV","NMC 721",0.145381506495035,2051
"BEV","NMC 721",0.145381506495035,2052
"BEV","NMC 721",0.145381506495035,2053
"BEV","NMC 721",0.145381506495035,2054
"BEV","NMC 721",0.145381506495035,2055
"BEV","NMC 721",0.145381506495035,2056
"BEV","NMC 721",0.145381506495035,2057
"BEV","NMC 721",0.145381506495035,2058
"BEV","NMC 721",0.145381506495035,2059
"BEV","NMC 721",0.145381506495035,2060
"BEV","NMC 721",0.145381506495035,2061
"BEV","NMC 721",0.145381506495035,2062
"BEV","NMC 721",0.145381506495035,2063
"BEV","NMC 721",0.145381506495035,2064
"BEV","NMC 721",0.145381506495035,2065
"BEV","NMC 721",0.145381506495035,2066
"BEV","NMC 721",0.145381506495035,2067
"BEV","NMC 721",0.145381506495035,2068
"BEV","NMC 721",0.145381506495035,2069
"BEV","NMC 721",0.145381506495035,2070
"BEV","NMCA 89:4:4:3",0.040486560200119,2022
"BEV","NMCA 89:4:4:3",0.039295279938647,2023
"BEV","NMCA 89:4:4:3",0.0447066827660253,2024
"BEV","NMCA 89:4:4:3",0.0537778878385149,2025
"BEV","NMCA 89:4:4:3",0.0614195805734378,2026
"BEV","NMCA 89:4:4:3",0.0648672476595818,2027
"BEV","NMCA 89:4:4:3",0.0685020058207753,2028
"BEV","NMCA 89:4:4:3",0.0718738074003183,2029
"BEV","NMCA 89:4:4:3",0.0752748478188805,2030
"BEV","NMCA 89:4:4:3",0.0776246837859761,2031
"BEV","NMCA 89:4:4:3",0.079964701836489,2032
"BEV","NMCA 89:4:4:3",0.0819294444284037,2033
"BEV","NMCA 89:4:4:3",0.0840159697049983,2034
"BEV","NMCA 89:4:4:3",0.086439247736404,2035
"BEV","NMCA 89:4:4:3",0.088400064024055,2036
"BEV","NMCA 89:4:4:3",0.0902820300846589,2037
"BEV","NMCA 89:4:4:3",0.0920549527838802,2038
"BEV","NMCA 89:4:4:3",0.0937259492713235,2039
"BEV","NMCA 89:4:4:3",0.0955553679222344,2040
"BEV","NMCA 89:4:4:3",0.0971943957332636,2041
"BEV","NMCA 89:4:4:3",0.0987814651676277,2042
"BEV","NMCA 89:4:4:3",0.100319815895939,2043
"BEV","NMCA 89:4:4:3",0.101812506096071,2044
"BEV","NMCA 89:4:4:3",0.103262410515367,2045
"BEV","NMCA 89:4:4:3",0.104672219796766,2046
"BEV","NMCA 89:4:4:3",0.10604444159876,2047
"BEV","NMCA 89:4:4:3",0.10738140361892,2048
"BEV","NMCA 89:4:4:3",0.108685258386997,2049
"BEV","NMCA 89:4:4:3",0.10995798956723,2050
"BEV","NMCA 89:4:4:3",0.10995798956723,2051
"BEV","NMCA 89:4:4:3",0.10995798956723,2052
"BEV","NMCA 89:4:4:3",0.10995798956723,2053
"BEV","NMCA 89:4:4:3",0.10995798956723,2054
"BEV","NMCA 89:4:4:3",0.10995798956723,2055
"BEV","NMCA 89:4:4:3",0.10995798956723,2056
"BEV","NMCA 89:4:4:3",0.10995798956723,2057
"BEV","NMCA 89:4:4:3",0.10995798956723,2058
"BEV","NMCA 89:4:4:3",0.10995798956723,2059
"BEV","NMCA 89:4:4:3",0.10995798956723,2060
"BEV","NMCA 89:4:4:3",0.10995798956723,2061
"BEV","NMCA 89:4:4:3",0.10995798956723,2062
"BEV","NMCA 89:4:4:3",0.10995798956723,2063
"BEV","NMCA 89:4:4:3",0.10995798956723,2064
"BEV","NMCA 89:4:4:3",0.10995798956723,2065
"BEV","NMCA 89:4:4:3",0.10995798956723,2066
"BEV","NMCA 89:4:4:3",0.10995798956723,2067
"BEV","NMCA 89:4:4:3",0.10995798956723,2068
"BEV","NMCA 89:4:4:3",0.10995798956723,2069
"BEV","NMCA 89:4:4:3",0.10995798956723,2070
"BEV","NCA",0.0671709549520193,2022
"BEV","NCA",0.0530668095573315,2023
"BEV","NCA",0.0466301794489627,2024
"BEV","NCA",0.0439902899331713,2025
"BEV","NCA",0.0434696916546189,2026
"BEV","NCA",0.0428271055290704,2027
"BEV","NCA",0.0401924084416894,2028
"BEV","NCA",0.0386484003848633,2029
"BEV","NCA",0.0363281681205329,2030
"BEV","NCA",0.0348546699470454,2031
"BEV","NCA",0.0350805903410752,2032
"BEV","NCA",0.0329965177569023,2033
"BEV","NCA",0.0324891664705382,2034
"BEV","NCA",0.0323804912268717,2035
"BEV","NCA",0.0322312553762278,2036
"BEV","NCA",0.0315370684045298,2037
"BEV","NCA",0.0304289026911859,2038
"BEV","NCA",0.0287437454936721,2039
"BEV","NCA",0.0268713890754464,2040
"BEV","NCA",0.0258155472779179,2041
"BEV","NCA",0.0247811045443726,2042
"BEV","NCA",0.0237704282958093,2043
"BEV","NCA",0.0227853913490316,2044
"BEV","NCA",0.0218274351921759,2045
"BEV","NCA",0.0208976267050811,2046
"BEV","NCA",0.0199967089871433,2047
"BEV","NCA",0.0191251467983048,2048
"BEV","NCA",0.0182831670414207,2049
"BEV","NCA",0.0174707946782239,2050
"BEV","NCA",0.0174707946782239,2051
"BEV","NCA",0.0174707946782239,2052
"BEV","NCA",0.0174707946782239,2053
"BEV","NCA",0.0174707946782239,2054
"BEV","NCA",0.0174707946782239,2055
"BEV","NCA",0.0174707946782239,2056
"BEV","NCA",0.0174707946782239,2057
"BEV","NCA",0.0174707946782239,2058
"BEV","NCA",0.0174707946782239,2059
"BEV","NCA",0.0174707946782239,2060
"BEV","NCA",0.0174707946782239,2061
"BEV","NCA",0.0174707946782239,2062
"BEV","NCA",0.0174707946782239,2063
"BEV","NCA",0.0174707946782239,2064
"BEV","NCA",0.0174707946782239,2065
"BEV","NCA",0.0174707946782239,2066
"BEV","NCA",0.0174707946782239,2067
"BEV","NCA",0.0174707946782239,2068
"BEV","NCA",0.0174707946782239,2069
"BEV","NCA",0.0174707946782239,2070
"PHEV","NMC 111",0.124738168099098,2022
"PHEV","NMC 111",0.0894262109222161,2023
"PHEV","NMC 111",0.0654395293929386,2024
"PHEV","NMC 111",0.053366493121735,2025
"PHEV","NMC 111",0.0415059129729701,2026
"PHEV","NMC 111",0.032167552995914,2027
"PHEV","NMC 111",0.0207445266940548,2028
"PHEV","NMC 111",0.0174398751772432,2029
"PHEV","NMC 111",0.014051451923268,2030
"PHEV","NMC 111",0.0113038872037891,2031
"PHEV","NMC 111",0.00875045187684817,2032
"PHEV","NMC 111",0.00636335245421657,2033
"PHEV","NMC 111",0.00395309139894604,2034
"PHEV","NMC 111",0.00299009834009741,2035
"PHEV","NMC 111",0.00241034025866096,2036
"PHEV","NMC 111",0.00185005717870656,2037
"PHEV","NMC 111",0.00131392973260553,2038
"PHEV","NMC 111",0.000800642608838711,2039
"PHEV","NMC 111",0.000299660371956739,2040
"PHEV","NMC 111",0.000194940400774544,2041
"PHEV","NMC 111",0.000126678115464529,2042
"PHEV","NMC 111",8.22380899300785e-05,2043
"PHEV","NMC 111",5.33402904091109e-05,2044
"PHEV","NMC 111",3.45687391761411e-05,2045
"PHEV","NMC 111",2.23866235240903e-05,2046
"PHEV","NMC 111",1.448766325895e-05,2047
"PHEV","NMC 111",9.36995877121719e-06,2048
"PHEV","NMC 111",6.05660049119365e-06,2049
"PHEV","NMC 111",3.91284012698043e-06,2050
"PHEV","NMC 111",3.91284012698043e-06,2051
"PHEV","NMC 111",3.91284012698043e-06,2052
"PHEV","NMC 111",3.91284012698043e-06,2053
"PHEV","NMC 111",3.91284012698043e-06,2054
"PHEV","NMC 111",3.91284012698043e-06,2055
"PHEV","NMC 111",3.91284012698043e-06,2056
"PHEV","NMC 111",3.91284012698043e-06,2057
"PHEV","NMC 111",3.91284012698043e-06,2058
"PHEV","NMC 111",3.91284012698043e-06,2059
"PHEV","NMC 111",3.91284012698043e-06,2060
"PHEV","NMC 111",3.91284012698043e-06,2061
"PHEV","NMC 111",3.91284012698043e-06,2062
"PHEV","NMC 111",3.91284012698043e-06,2063
"PHEV","NMC 111",3.91284012698043e-06,2064
"PHEV","NMC 111",3.91284012698043e-06,2065
"PHEV","NMC 111",3.91284012698043e-06,2066
"PHEV","NMC 111",3.91284012698043e-06,2067
"PHEV","NMC 111",3.91284012698043e-06,2068
"PHEV","NMC 111",3.91284012698043e-06,2069
"PHEV","NMC 111",3.91284012698043e-06,2070
"PHEV","LMO",0.0136639752193393,2022
"PHEV","LMO",0.0134096002584853,2023
"PHEV","LMO",0.0112687443131388,2024
"PHEV","LMO",0.0106273022593454,2025
"PHEV","LMO",0.00902710918532428,2026
"PHEV","LMO",0.00790978737486378,2027
"PHEV","LMO",0.00698504051697963,2028
"PHEV","LMO",0.00693086345063319,2029
"PHEV","LMO",0.00655673944466119,2030
"PHEV","LMO",0.0065215723197883,2031
"PHEV","LMO",0.00644563541347064,2032
"PHEV","LMO",0.00647714813213433,2033
"PHEV","LMO",0.00644890772323521,2034
"PHEV","LMO",0.00602777279364816,2035
"PHEV","LMO",0.00592650863593151,2036
"PHEV","LMO",0.00590826800933712,2037
"PHEV","LMO",0.00589862960678306,2038
"PHEV","LMO",0.00588476795465895,2039
"PHEV","LMO",0.00587464695963687,2040
"PHEV","LMO",0.00581923052082592,2041
"PHEV","LMO",0.00575806481953926,2042
"PHEV","LMO",0.00569192565605474,2043
"PHEV","LMO",0.00562150794362117,2044
"PHEV","LMO",0.00554743524331335,2045
"PHEV","LMO",0.00547026726990241,2046
"PHEV","LMO",0.00539050609869343,2047
"PHEV","LMO",0.00530860152298803,2048
"PHEV","LMO",0.00522495583031663,2049
"PHEV","LMO",0.00513992815161541,2050
"PHEV","LMO",0.00513992815161541,2051
"PHEV","LMO",0.00513992815161541,2052
"PHEV","LMO",0.00513992815161541,2053
"PHEV","LMO",0.00513992815161541,2054
"PHEV","LMO",0.00513992815161541,2055
"PHEV","LMO",0.00513992815161541,2056
"PHEV","LMO",0.00513992815161541,2057
"PHEV","LMO",0.00513992815161541,2058
"PHEV","LMO",0.00513992815161541,2059
"PHEV","LMO",0.00513992815161541,2060
"PHEV","LMO",0.00513992815161541,2061
"PHEV","LMO",0.00513992815161541,2062
"PHEV","LMO",0.00513992815161541,2063
"PHEV","LMO",0.00513992815161541,2064
"PHEV","LMO",0.00513992815161541,2065
"PHEV","LMO",0.00513992815161541,2066
"PHEV","LMO",0.00513992815161541,2067
"PHEV","LMO",0.00513992815161541,2068
"PHEV","LMO",0.00513992815161541,2069
"PHEV","LMO",0.00513992815161541,2070
"PHEV","LFP",0.335792986387768,2022
"PHEV","LFP",0.389213800503155,2023
"PHEV","LFP",0.426550234993723,2024
"PHEV","LFP",0.433698591924265,2025
"PHEV","LFP",0.439691343577672,2026
"PHEV","LFP",0.444679623504081,2027
"PHEV","LFP",0.450496460140805,2028
"PHEV","LFP",0.44900899005492,2029
"PHEV","LFP",0.426405447184756,2030
"PHEV","LFP",0.409034970793328,2031
"PHEV","LFP",0.38884750027509,2032
"PHEV","LFP",0.371307121362164,2033
"PHEV","LFP",0.352244827167295,2034
"PHEV","LFP",0.330894851922253,2035
"PHEV","LFP",0.30986138240374,2036
"PHEV","LFP",0.289104502661249,2037
"PHEV","LFP",0.268848780606637,2038
"PHEV","LFP",0.249195587784798,2039
"PHEV","LFP",0.228866006291347,2040
"PHEV","LFP",0.22814736561086,2041
"PHEV","LFP",0.227183520157296,2042
"PHEV","LFP",0.226000745756371,2043
"PHEV","LFP",0.224622812170449,2044
"PHEV","LFP",0.223071275678463,2045
"PHEV","LFP",0.221365702359351,2046
"PHEV","LFP",0.219523848451986,2047
"PHEV","LFP",0.217561814100427,2048
"PHEV","LFP",0.215494180188095,2049
"PHEV","LFP",0.213334133760148,2050
"PHEV","LFP",0.213334133760148,2051
"PHEV","LFP",0.213334133760148,2052
"PHEV","LFP",0.213334133760148,2053
"PHEV","LFP",0.213334133760148,2054
"PHEV","LFP",0.213334133760148,2055
"PHEV","LFP",0.213334133760148,2056
"PHEV","LFP",0.213334133760148,2057
"PHEV","LFP",0.213334133760148,2058
"PHEV","LFP",0.213334133760148,2059
"PHEV","LFP",0.213334133760148,2060
"PHEV","LFP",0.213334133760148,2061
"PHEV","LFP",0.213334133760148,2062
"PHEV","LFP",0.213334133760148,2063
"PHEV","LFP",0.213334133760148,2064
"PHEV","LFP",0.213334133760148,2065
"PHEV","LFP",0.213334133760148,2066
"PHEV","LFP",0.213334133760148,2067
"PHEV","LFP",0.213334133760148,2068
"PHEV","LFP",0.213334133760148,2069
"PHEV","LFP",0.213334133760148,2070
"PHEV","NMC 622",0.273347751971254,2022
"PHEV","NMC 622",0.242574238846933,2023
"PHEV","NMC 622",0.222833379700845,2024
"PHEV","NMC 622",0.20547763261437,2025
"PHEV","NMC 622",0.193637682694036,2026
"PHEV","NMC 622",0.187366543332588,2027
"PHEV","NMC 622",0.180855927951919,2028
"PHEV","NMC 622",0.174419636303175,2029
"PHEV","NMC 622",0.16816203952631,2030
"PHEV","NMC 622",0.15792129215537,2031
"PHEV","NMC 622",0.148380676246392,2032
"PHEV","NMC 622",0.13727034829259,2033
"PHEV","NMC 622",0.126011154882046,2034
"PHEV","NMC 622",0.115141122986669,2035
"PHEV","NMC 622",0.105022777296455,2036
"PHEV","NMC 622",0.0953486799716323,2037
"PHEV","NMC 622",0.0855581613416858,2038
"PHEV","NMC 622",0.0754535530948715,2039
"PHEV","NMC 622",0.0656017622832371,2040
"PHEV","NMC 622",0.0583746407848795,2041
"PHEV","NMC 622",0.0518871880141478,2042
"PHEV","NMC 622",0.0460752532079719,2043
"PHEV","NMC 622",0.0408776825118228,2044
"PHEV","NMC 622",0.0362368639015497,2045
"PHEV","NMC 622",0.0320990245891755,2046
"PHEV","NMC 622",0.0284143520680411,2047
"PHEV","NMC 622",0.0251369897979563,2048
"PHEV","NMC 622",0.0222249448003258,2049
"PHEV","NMC 622",0.0196399348048135,2050
"PHEV","NMC 622",0.0196399348048135,2051
"PHEV","NMC 622",0.0196399348048135,2052
"PHEV","NMC 622",0.0196399348048135,2053
"PHEV","NMC 622",0.0196399348048135,2054
"PHEV","NMC 622",0.0196399348048135,2055
"PHEV","NMC 622",0.0196399348048135,2056
"PHEV","NMC 622",0.0196399348048135,2057
"PHEV","NMC 622",0.0196399348048135,2058
"PHEV","NMC 622",0.0196399348048135,2059
"PHEV","NMC 622",0.0196399348048135,2060
"PHEV","NMC 622",0.0196399348048135,2061
"PHEV","NMC 622",0.0196399348048135,2062
"PHEV","NMC 622",0.0196399348048135,2063
"PHEV","NMC 622",0.0196399348048135,2064
"PHEV","NMC 622",0.0196399348048135,2065
"PHEV","NMC 622",0.0196399348048135,2066
"PHEV","NMC 622",0.0196399348048135,2067
"PHEV","NMC 622",0.0196399348048135,2068
"PHEV","NMC 622",0.0196399348048135,2069
"PHEV","NMC 622",0.0196399348048135,2070
"PHEV","NMC 532",0.095764639629643,2022
"PHEV","NMC 532",0.109021892665497,2023
"PHEV","NMC 532",0.0911457192240184,2024
"PHEV","NMC 532",0.0715071174238151,2025
"PHEV","NMC 532",0.0524801809989085,2026
"PHEV","NMC 532",0.0451864105446692,2027
"PHEV","NMC 532",0.0379628327958451,2028
"PHEV","NMC 532",0.031867852781721,2029
"PHEV","NMC 532",0.0265245353298944,2030
"PHEV","NMC 532",0.0232981480425867,2031
"PHEV","NMC 532",0.0212596233480077,2032
"PHEV","NMC 532",0.0199727134876886,2033
"PHEV","NMC 532",0.0188747202910372,2034
"PHEV","NMC 532",0.0174102044469223,2035
"PHEV","NMC 532",0.0167692651101361,2036
"PHEV","NMC 532",0.0159194453456099,2037
"PHEV","NMC 532",0.0150563242203278,2038
"PHEV","NMC 532",0.0140675290539317,2039
"PHEV","NMC 532",0.0129938967548884,2040
"PHEV","NMC 532",0.0122031958583358,2041
"PHEV","NMC 532",0.011448140496372,2042
"PHEV","NMC 532",0.0107292163100802,2043
"PHEV","NMC 532",0.0100464353027933,2044
"PHEV","NMC 532",0.00939943578928285,2045
"PHEV","NMC 532",0.00878756339278887,2046
"PHEV","NMC 532",0.00820993744070739,2047
"PHEV","NMC 532",0.00766550576193648,2048
"PHEV","NMC 532",0.00715309003589801,2049
"PHEV","NMC 532",0.00667142329931332,2050
"PHEV","NMC 532",0.00667142329931332,2051
"PHEV","NMC 532",0.00667142329931332,2052
"PHEV","NMC 532",0.00667142329931332,2053
"PHEV","NMC 532",0.00667142329931332,2054
"PHEV","NMC 532",0.00667142329931332,2055
"PHEV","NMC 532",0.00667142329931332,2056
"PHEV","NMC 532",0.00667142329931332,2057
"PHEV","NMC 532",0.00667142329931332,2058
"PHEV","NMC 532",0.00667142329931332,2059
"PHEV","NMC 532",0.00667142329931332,2060
"PHEV","NMC 532",0.00667142329931332,2061
"PHEV","NMC 532",0.00667142329931332,2062
"PHEV","NMC 532",0.00667142329931332,2063
"PHEV","NMC 532",0.00667142329931332,2064
"PHEV","NMC 532",0.00667142329931332,2065
"PHEV","NMC 532",0.00667142329931332,2066
"PHEV","NMC 532",0.00667142329931332,2067
"PHEV","NMC 532",0.00667142329931332,2068
"PHEV","NMC 532",0.00667142329931332,2069
"PHEV","NMC 532",0.00667142329931332,2070
"PHEV","NMC 811",0.155914936516305,2022
"PHEV","NMC 811",0.155722138245728,2023
"PHEV","NMC 811",0.18219119314771,2024
"PHEV","NMC 811",0.224770203444815,2025
"PHEV","NMC 811",0.263098060719175,2026
"PHEV","NMC 811",0.282130184916899,2027
"PHEV","NMC 811",0.30242185305237,2028
"PHEV","NMC 811",0.319815858515494,2029
"PHEV","NMC 811",0.337505167302151,2030
"PHEV","NMC 811",0.350543515290469,2031
"PHEV","NMC 811",0.364438567080516,2032
"PHEV","NMC 811",0.375641877885132,2033
"PHEV","NMC 811",0.388414399695087,2034
"PHEV","NMC 811",0.402996606221505,2035
"PHEV","NMC 811",0.414952980652975,2036
"PHEV","NMC 811",0.426218947805708,2037
"PHEV","NMC 811",0.436764133621937,2038
"PHEV","NMC 811",0.446523312741624,2039
"PHEV","NMC 811",0.457111633702697,2040
"PHEV","NMC 811",0.466740628216101,2041
"PHEV","NMC 811",0.476053910990955,2042
"PHEV","NMC 811",0.485074394180603,2043
"PHEV","NMC 811",0.493823215094678,2044
"PHEV","NMC 811",0.502319986408897,2045
"PHEV","NMC 811",0.510582947289875,2046
"PHEV","NMC 811",0.518629056566846,2047
"PHEV","NMC 811",0.526474054610634,2048
"PHEV","NMC 811",0.534132510513679,2049
"PHEV","NMC 811",0.541617864350198,2050
"PHEV","NMC 811",0.541617864350198,2051
"PHEV","NMC 811",0.541617864350198,2052
"PHEV","NMC 811",0.541617864350198,2053
"PHEV","NMC 811",0.541617864350198,2054
"PHEV","NMC 811",0.541617864350198,2055
"PHEV","NMC 811",0.541617864350198,2056
"PHEV","NMC 811",0.541617864350198,2057
"PHEV","NMC 811",0.541617864350198,2058
"PHEV","NMC 811",0.541617864350198,2059
"PHEV","NMC 811",0.541617864350198,2060
"PHEV","NMC 811",0.541617864350198,2061
"PHEV","NMC 811",0.541617864350198,2062
"PHEV","NMC 811",0.541617864350198,2063
"PHEV","NMC 811",0.541617864350198,2064
"PHEV","NMC 811",0.541617864350198,2065
"PHEV","NMC 811",0.541617864350198,2066
"PHEV","NMC 811",0.541617864350198,2067
"PHEV","NMC 811",0.541617864350198,2068
"PHEV","NMC 811",0.541617864350198,2069
"PHEV","NMC 811",0.541617864350198,2070
"PHEV","NCA",0.000777542176593672,2022
"PHEV","NCA",0.000632118557985629,2023
"PHEV","NCA",0.000571199227626832,2024
"PHEV","NCA",0.000552659211653847,2025
"PHEV","NCA",0.000559709851914186,2026
"PHEV","NCA",0.000559897330985621,2027
"PHEV","NCA",0.000533358848026906,2028
"PHEV","NCA",0.000516923716814558,2029
"PHEV","NCA",0.000489597994447766,2030
"PHEV","NCA",0.000473117115336417,2031
"PHEV","NCA",0.00048057203202997,2032
"PHEV","NCA",0.000454744750038475,2033
"PHEV","NCA",0.000451479087266339,2034
"PHEV","NCA",0.000453773818060787,2035
"PHEV","NCA",0.000454767187022368,2036
"PHEV","NCA",0.000447526078472214,2037
"PHEV","NCA",0.000433961988504844,2038
"PHEV","NCA",0.000411616940612043,2039
"PHEV","NCA",0.000386387344889479,2040
"PHEV","NCA",0.000372632997364328,2041
"PHEV","NCA",0.000358977248929054,2042
"PHEV","NCA",0.000345481042618285,2043
"PHEV","NCA",0.000332194515776977,2044
"PHEV","NCA",0.00031915856085556,2045
"PHEV","NCA",0.000306406116031125,2046
"PHEV","NCA",0.00029396325848142,2047
"PHEV","NCA",0.00028185014685932,2048
"PHEV","NCA",0.000270081843098537,2049
"PHEV","NCA",0.000258669033637025,2050
"PHEV","NCA",0.000258669033637025,2051
"PHEV","NCA",0.000258669033637025,2052
"PHEV","NCA",0.000258669033637025,2053
"PHEV","NCA",0.000258669033637025,2054
"PHEV","NCA",0.000258669033637025,2055
"PHEV","NCA",0.000258669033637025,2056
"PHEV","NCA",0.000258669033637025,2057
"PHEV","NCA",0.000258669033637025,2058
"PHEV","NCA",0.000258669033637025,2059
"PHEV","NCA",0.000258669033637025,2060
"PHEV","NCA",0.000258669033637025,2061
"PHEV","NCA",0.000258669033637025,2062
"PHEV","NCA",0.000258669033637025,2063
"PHEV","NCA",0.000258669033637025,2064
"PHEV","NCA",0.000258669033637025,2065
"PHEV","NCA",0.000258669033637025,2066
"PHEV","NCA",0.000258669033637025,2067
"PHEV","NCA",0.000258669033637025,2068
"PHEV","NCA",0.000258669033637025,2069
"PHEV","NCA",0.000258669033637025,2070
"BEV","SIB",0,2022
"BEV","SIB",0,2023
"BEV","SIB",0,2024
"BEV","SIB",0,2025
"BEV","SIB",0,2026
"BEV","SIB",0,2027
"BEV","SIB",0,2028
"BEV","SIB",0,2029
"BEV","SIB",0.0179380466836969,2030
"BEV","SIB",0.0358773689995149,2031
"BEV","SIB",0.0533609063869632,2032
"BEV","SIB",0.0712834995731525,2033
"BEV","SIB",0.0887635105628807,2034
"BEV","SIB",0.105422450955114,2035
"BEV","SIB",0.122019760137558,2036
"BEV","SIB",0.138607781128864,2037
"BEV","SIB",0.155385203540414,2038
"BEV","SIB",0.172654162408275,2039
"BEV","SIB",0.189503112173192,2040
"BEV","SIB",0.188184269224504,2041
"BEV","SIB",0.186723247264909,2042
"BEV","SIB",0.185135835185642,2043
"BEV","SIB",0.183436487563824,2044
"BEV","SIB",0.18163841028494,2045
"BEV","SIB",0.17975364389729,2046
"BEV","SIB",0.177793145423595,2047
"BEV","SIB",0.175766868525053,2048
"BEV","SIB",0.17368384152782,2049
"BEV","SIB",0.171552242703359,2050
"BEV","SIB",0.171552242703359,2051
"BEV","SIB",0.171552242703359,2052
"BEV","SIB",0.171552242703359,2053
"BEV","SIB",0.171552242703359,2054
"BEV","SIB",0.171552242703359,2055
"BEV","SIB",0.171552242703359,2056
"BEV","SIB",0.171552242703359,2057
"BEV","SIB",0.171552242703359,2058
"BEV","SIB",0.171552242703359,2059
"BEV","SIB",0.171552242703359,2060
"BEV","SIB",0.171552242703359,2061
"BEV","SIB",0.171552242703359,2062
"BEV","SIB",0.171552242703359,2063
"BEV","SIB",0.171552242703359,2064
"BEV","SIB",0.171552242703359,2065
"BEV","SIB",0.171552242703359,2066
"BEV","SIB",0.171552242703359,2067
"BEV","SIB",0.171552242703359,2068
"BEV","SIB",0.171552242703359,2069
"BEV","SIB",0.171552242703359,2070
"PHEV","SIB",0,2022
"PHEV","SIB",0,2023
"PHEV","SIB",0,2024
"PHEV","SIB",0,2025
"PHEV","SIB",0,2026
"PHEV","SIB",0,2027
"PHEV","SIB",0,2028
"PHEV","SIB",0,2029
"PHEV","SIB",0.0203050212945122,2030
"PHEV","SIB",0.0409034970793328,2031
"PHEV","SIB",0.0613969737276457,2032
"PHEV","SIB",0.0825126936360364,2033
"PHEV","SIB",0.103601419755087,2034
"PHEV","SIB",0.124085569470845,2035
"PHEV","SIB",0.144601978455079,2036
"PHEV","SIB",0.165202572949285,2037
"PHEV","SIB",0.186126078881518,2038
"PHEV","SIB",0.207662989820665,2039
"PHEV","SIB",0.228866006291347,2040
"PHEV","SIB",0.22814736561086,2041
"PHEV","SIB",0.227183520157296,2042
"PHEV","SIB",0.226000745756371,2043
"PHEV","SIB",0.224622812170449,2044
"PHEV","SIB",0.223071275678463,2045
"PHEV","SIB",0.221365702359351,2046
"PHEV","SIB",0.219523848451986,2047
"PHEV","SIB",0.217561814100427,2048
"PHEV","SIB",0.215494180188095,2049
"PHEV","SIB",0.213334133760148,2050
"PHEV","SIB",0.213334133760148,2051
"PHEV","SIB",0.213334133760148,2052
"PHEV","SIB",0.213334133760148,2053
"PHEV","SIB",0.213334133760148,2054
"PHEV","SIB",0.213334133760148,2055
"PHEV","SIB",0.213334133760148,2056
"PHEV","SIB",0.213334133760148,2057
"PHEV","SIB",0.213334133760148,2058
"PHEV","SIB",0.213334133760148,2059
"PHEV","SIB",0.213334133760148,2060
"PHEV","SIB",0.213334133760148,2061
"PHEV","SIB",0.213334133760148,2062
"PHEV","SIB",0.213334133760148,2063
"PHEV","SIB",0.213334133760148,2064
"PHEV","SIB",0.213334133760148,2065
"PHEV","SIB",0.213334133760148,2066
"PHEV","SIB",0.213334133760148,2067
"PHEV","SIB",0.213334133760148,2068
"PHEV","SIB",0.213334133760148,2069
"PHEV","SIB",0.213334133760148,2070
