"d","Country","Deposit_Name","Resource_Type","Latitude","Longitude","Status","Status_Delay","Grade_percLi_Reserve","grade_resource","grade_resource_inferred","open_mine","reserve","resource_demostrated","resource_inferred","all_resource","cost1","cost2","cost3","max_prod_rate","max_ramp_up","cost_expansion","cost_opening","cost_source","prod_rate2022","prod_rate2023","prod_rate2025","prod_rate2030","delay_years","Resource_Type_orig","edb","wgi","Corporate_Tax_Rate","cost1_noTax","cost2_noTax","cost3_noTax","label_name"
1,"Chile","Salar de Atacama (SQM)","Brine",-23.55,-68.36,"Producing","Open",0.2,0.186341463414634,0.13,TRUE,360,7840,0,8200,51066.2005,51211.2682183842,51809.6725567187,246,61.5,56955.8377136237,0,"Report",27.1428571428571,31.4285714285714,39.4514371594965,39.4514371594965,3,"Brine",27.4,2.38,0.27,21238.77,21461.9511052064,22382.5731641827,"Salar de Atacama"
2,"Bolivia","Salar de Uyuni","Brine",-20.16,-67.63,"Producing","Open",NA,NA,NA,TRUE,5400,0,0,5400,49440.1922566318,51568.2875970975,53737.5718391745,54,13.5,56955.8377136237,0,"Quantile",0,0,0,0,3,"Brine",48.3,2.78,0.25,24045.9896755091,26883.4501294634,29775.8291188993,"Salar de Uyuni"
3,"United States","Salton Sea (All)","Brine",33.163,-115.617,"No info","No Info",NA,0.0198,0.0198,FALSE,0,3360,0,3360,46438.5951921589,47625.8755714678,51129.3876408788,100.8,25.2,56955.8377136237,199701729.182192,"Quantile",0,0,0,0,10,"Other (Geothermal)",16,2.54,0.25,23592.5269228785,25175.5674286237,29846.9168545051,"Salton Sea"
4,"Germany","Upper Rhine Valley","Brine",49.154,8.153,"Evaluation","Evaluation",NA,0.0178563250066673,0.0172,FALSE,106.899296155929,2006.4753654575,0,2113.37466161343,59014.5533144894,61268.3000520577,61275.8071182513,63.4012398484028,15.8503099621007,56955.8377136237,199701729.182192,"Report",0,0,0,0,8,"Other (Geothermal)",20.3,1.89,0.3,23472.2190206992,26691.8572172253,26702.5815975019,"Upper Rhine Valley"
5,"Argentina","Cauchari","Brine",-23.7,-66.75,"Producing","Open",0.0607,0.0591820950746709,0.0592,TRUE,682.92,3046.78,0,3729.7,54303.1569738201,54319.2786866307,58337.1771983124,37.297,9.32425,56955.8377136237,0,"Report",1.92408759124088,2.8029197080292,7.51455945895172,7.51455945895172,3,"Brine",41,2.51,0.35,21305.1645751079,21329.967210201,27511.3495358652,"Cauchari"
6,"Tanzania","Titan","Volcano-Sedimentary",-4.33,37.54,"No info","No Info",NA,NA,NA,FALSE,0,0,0,0,58151.6944618064,61722.4870097457,69645.7228645853,0,0,82730.3782542635,2.5e+08,"Quantile",0,0,0,0,10,"Volcano-Sedimentary",45.5,2.77,0.3,32885.5635168663,37986.6957282081,49305.6040922647,"Titan"
7,"Argentina","Salar de Olaroz (Allkem)","Brine",-23.46,-66.73,"Producing","Open",NA,0.0642307958477509,0.0609,TRUE,0,2890,0,2890,53661.1776908924,56104.5977813184,56139.9742618818,86.7,21.675,56955.8377136237,0,"Report",1.20255474452555,1.75182481751825,4.69659966184482,7.9842194251362,3,"Brine",41,2.51,0.35,20317.5041398344,24076.6119712591,24131.037325972,"Salar de Olaroz (Allkem)"
8,"United States","McDermitt","Volcano-Sedimentary",42.0357,-118.05263,"No info","No Info",NA,0.142,0.127,FALSE,0,2085.38170005414,0,2085.38170005414,52298.6187494657,60825.0550330252,64605.7433009147,62.5614510016243,15.6403627504061,82730.3782542635,2.5e+08,"Quantile",0,0,0,0,10,"Volcano-Sedimentary",16,2.54,0.25,31462.6703326209,42831.2520440336,47872.1697345529,"McDermitt"
9,"United States","Thacker Pass","Volcano-Sedimentary",41.713456,-118.074509,"Construction","Construction",0.316,0.211086956521739,0.187,TRUE,695.127233351381,2329.61559285328,0,3024.74282620466,57437.8315,67072.8723138989,69733.5560771135,90.7422847861397,22.6855711965349,82730.3782542635,0,"Report",0,0,0,14.2776629720083,5,"Volcano-Sedimentary",16,2.54,0.25,38314.954,51161.6750851986,54709.2534361514,"Thacker Pass"
10,"United States","Bonnie Claire","Hard Rock",37.2287,-117.04309,"Evaluation","Evaluation",NA,NA,0.1013,FALSE,0,0,0,0,53672.2534705,60975.8793159793,64201.6259615352,0,0,19102.9684159287,126053693.925837,"Report",0,0,0,0,8,"Other (In Situ)",16,2.54,0.25,33294.183294,43032.3510879724,47333.3466153802,"Bonnie Claire"
11,"DR Congo","Manono-Kitotolo","Hard Rock",-7.28,27.45,"Evaluation","Evaluation",0.733949129852744,0.76641405771786,0.771111111111111,FALSE,682.85140562249,1378.94176706827,0,2061.79317269076,55108.9249421642,59283.7971949133,64932.470199743,103.089658634538,25.7724146586345,19102.9684159287,126053693.925837,"Report",0,0,0,0,8,"Hard Rock",63.8,4.48,0.3,27778.3213459488,33742.4245641619,41811.9574282043,"Manono-Kitotolo"
12,"Argentina","Salar del Hombre Muerto (POSCO)","Brine",-25.22,-66.96,"Construction","Construction",NA,NA,NA,TRUE,2539.4688684353,0,0,2539.4688684353,52072.8473781049,53053.7162186556,55858.1284932011,25.394688684353,6.34867217108825,56955.8377136237,0,"Report",0,0,0,0,5,"Brine",41,2.51,0.35,17873.9190432383,19382.948028701,23697.4284510787,"Salar del Hombre Muerto (POSCO)"
13,"Australia","Greenbushes","Hard Rock",-33.85,116.06,"Producing","Open",0.92904953145917,0.838763375650252,0.464524765729585,TRUE,1668.57295850067,348.494296495583,0,2017.06725499625,52424.997112759,54868.9920251616,64999.4184507417,100.853362749813,25.2133406874532,19102.9684159287,0,"Report",27.955429924055,32.1842968335841,47.6109336840128,70.8031185421755,3,"Hard Rock",18.8,1.57,0.3,21662.8530182272,25154.2743216594,39626.3120724881,"Greenbushes"
14,"Argentina","Salar del Hombre Muerto (Livent)","Brine",-25.49,-67.1,"Producing","Open",0.0523,0.0726227409638554,0.0892,TRUE,731,597,0,1328,55415.0253909844,57212.857872347,59144.6003470493,39.84,9.96,56955.8377136237,0,"Report",3.12664233576642,4.55474452554745,12.2111591207965,18.7863986473793,3,"Brine",41,2.51,0.35,23015.7313707452,25781.6274959185,28753.5389954605,"Salar del Hombre Muerto (Livent)"
15,"Australia","Pilgangoora","Hard Rock",-21.04,118.91,"Producing","Open",0.552784471218206,NA,0.497041499330656,TRUE,1184.0643373494,0,0,1184.0643373494,70157.2157643506,78441.9302916448,80020.934105098,59.2032168674699,14.8008042168675,19102.9684159287,0,"Report",11.1297540907352,12.8133715100834,18.9551005072328,26.4814953973323,3,"Hard Rock",18.8,1.57,0.3,46994.5939490722,58829.9004166354,61085.62015014,"Pilgangoora"
16,"China","Qaidam Basin (All Projects)","Brine",36.9,95.26,"Producing","Open",NA,NA,NA,TRUE,0,0,0,0,49763.3968567777,52358.5383273944,54138.372794036,24.5338891952352,6.1334722988088,56955.8377136237,0,"Quantile",16.8019968427974,24.5338891952352,24.5338891952352,24.5338891952352,3,"Brine",22.1,2.94,0.25,23767.195809037,27227.3844365258,29600.4970587146,"Qaidam Basin"
17,"Argentina","Kachi","Brine",-26.47,-67.54,"Evaluation","Evaluation",0.0248333440102498,NA,NA,FALSE,117.4,1254.06724417975,0,1371.46724417975,59702.5623275069,61940.7885417043,63451.2391166441,41.1440173253925,10.2860043313481,56955.8377136237,199701729.182192,"Report",0,0,0,0,8,"Brine",41,2.51,0.35,29611.9420423183,33055.3669872374,35379.1371025293,"Kachi"
18,"Argentina","Centenario Ratones","Brine",-24.89,-66.76,"Construction","Construction",0.0438,0.039117679558011,0.0312,TRUE,208.8,777.34131023281,0,986.14131023281,53539.5143518,53589.2454147889,53673.3393220094,29.5842393069843,7.39605982674608,56955.8377136237,0,"Report",0,0,1.80349427014841,4.50873567537103,5,"Brine",41,2.51,0.35,20130.329772,20206.8390996752,20336.2143415529,"Centenario Ratones"
19,"United States","TLC","Volcano-Sedimentary",38.151644,-117.278978,"No info","No Info",NA,NA,NA,FALSE,0,0,0,0,54038.827611499,60228.0975669429,66329.3916268811,0,0,82730.3782542635,2.5e+08,"Quantile",0,0,0,0,10,"Volcano-Sedimentary",16,2.54,0.25,33782.948815332,42035.3087559239,50170.3675025081,"TLC"
20,"Argentina","Salar del Rincon (Rio Tinto)","Brine",-24.09,-67.09,"Producing","Open",0.0392604376108811,NA,NA,TRUE,225.446670276123,432.106118029237,0,657.55278830536,49902.0231830727,52372.3286088365,53554.0831810755,19.7265836491608,4.9316459122902,56955.8377136237,0,"Report",0,0,0,0,3,"Brine",41,2.51,0.35,14534.1895124195,18334.65939821,20152.7433555008,"Salar del Rincon (Rio Tinto)"
21,"Argentina","Mariana","Brine",-24.81,-68.3,"Construction","Construction",NA,NA,NA,TRUE,0,0,0,0,55703.4140582645,58624.8572073048,59790.498844046,3.19368777005448,0.79842194251362,56955.8377136237,0,"Quantile",0,0,1.59684388502724,3.19368777005448,5,"Brine",41,2.51,0.35,23459.4062434838,27953.9341650842,29747.22899084,"Mariana"
22,"Chile","Salar de Atacama (Albemarle)","Brine",-23.64,-68.32,"Producing","Open",0.2071,0.199180353200883,0.1593,TRUE,647,712.912080536913,0,1359.91208053691,48567.1107635695,48651.2255649155,49074.7959680145,40.7973624161074,10.1993406040268,56955.8377136237,0,"Report",10.8571428571429,12.5714285714286,15.7805748637986,15.7805748637986,3,"Brine",27.4,2.38,0.27,17394.0165593376,17523.4239460239,18175.0707200224,""
23,"Australia","Wodgina","Hard Rock",-21.17,118.67,"Producing","Open",0.543493975903614,NA,NA,TRUE,825.56734939759,246.119228367783,0,1071.68657776537,62066.21671359,68854.7418983202,71914.187229403,53.5843288882687,13.3960822220672,19102.9684159287,0,"Regression",12.1337682608265,13.9692646644054,20.6650385121172,20.6650385121172,3,"Hard Rock",18.8,1.57,0.3,35436.0238765571,45133.9169976003,49504.5531848615,"Wodgina"
24,"Czech Republic","Cinovec","Hard Rock",50.73,13.7666666507721,"Evaluation","Evaluation",NA,0.207057043479289,0.181164658634538,FALSE,0,849.911097616295,0,849.911097616295,57102.6644854925,64850.438608588,65661.4709403921,42.4955548808148,10.6238887202037,19102.9684159287,126053693.925837,"Report",0,0,0,0,8,"Hard Rock",23.7,1.68,0.19,32381.8080067809,41946.9612451703,42948.2357288791,"Cinovec"
25,"United States","Clayton Valley (Century)","Volcano-Sedimentary",37.734579,-117.531291,"Evaluation","Evaluation",0.1129,0.09047,0.07596,FALSE,240.9,939,0,1179.9,43311.921772378,46758.3842577457,55638.0899457158,35.397,8.84925,82730.3782542635,2.5e+08,"Report",0,0,0,0,8,"Volcano-Sedimentary",16,2.54,0.25,19480.407696504,24075.6910103276,35915.2985942878,"Clayton Valley"
26,"Mexico","Sonora","Volcano-Sedimentary",29.710514,-109.154739,"Construction","Construction",0.3015,0.32,0.32,TRUE,391.337845154304,447.135896047645,0,838.473741201949,48616.0467317328,54610.6821011192,58857.148061701,25.1542122360585,6.28855305901462,82730.3782542635,0,"Report",0,0,0,0,5,"Volcano-Sedimentary",27.6,3.19,0.3,13909.6747707724,23501.0913617907,30295.4368987215,"Sonora"
27,"Argentina","Sal de Vida","Brine",-25.36,-66.86,"Construction","Construction",0.0757,0.0747409836065574,0.0556,TRUE,467,753,0,1220,54870.7278288868,54880.9135701791,55084.2105194589,12.2,3.05,56955.8377136237,0,"Report",0,0,1.87863986473793,8.38887845200075,5,"Brine",41,2.51,0.35,22178.3505059798,22194.0208771987,22506.7854145522,"Sal de Vida"
28,"Australia","Mt. Holland/Earl Grey","Hard Rock",-32.17,119.73,"Producing","Open",0.696787148594378,0.717028806509636,0.515622489959839,TRUE,656.373493975904,576.475234270415,0,1232.84872824632,52434.9831570837,56286.2581810016,61738.2126757217,61.6424364123159,15.410609103079,19102.9684159287,0,"Report",4.38437170057339,5.04760329651019,7.46702987037385,8.29663723464212,3,"Hard Rock",18.8,1.57,0.3,21677.1187958339,27178.9402585737,34967.4466796025,"Mt. Holland/Earl Grey"
29,"Argentina","Tres Quebradas","Brine",-27.49,-68.66,"Construction","Construction",0.079,NA,NA,TRUE,244.233892799134,507.255008121278,0,751.488900920411,51010.9621321,52439.0878988868,54926.5018546178,7.51488900920411,1.87872225230103,56955.8377136237,0,"Report",0,0,3.75727972947586,3.75727972947586,5,"Brine",41,2.51,0.35,16240.249434,18437.3659982874,22264.156699412,"Tres Quebradas"
30,"Argentina","Hombre Muerto West (Galan)","Brine",-25.37,-67.23,"Construction","Construction",0.08906,0.087833488372093,0.0887,TRUE,70.2,1005.66974110032,0,1075.86974110032,53069.1347286109,53082.1615446479,56759.7219728517,10.7586974110032,2.68967435275081,56955.8377136237,0,"Report",0,0,0,0,5,"Brine",41,2.51,0.35,19406.6688132475,19426.710068689,25084.4953428488,"Hombre Muerto West (Galan)"
31,"Serbia","Jadar","Volcano-Sedimentary",44.42,19.52,"Evaluation","Evaluation",0.840789825970549,0.81756358768407,0.868661311914324,FALSE,139.571111111111,574.496358768407,0,714.067469879518,47632.2553115907,56970.5830549568,61523.4813835663,21.4220240963855,5.35550602409639,82730.3782542635,2.5e+08,"Quantile",0,0,0,0,8,"Volcano-Sedimentary",24.3,2.67,0.15,30988.5356606949,41974.8035940668,47331.1545689016,"Jadar"
32,"Canada","Praire","Brine",50.44,-104.4,"No info","No Info",NA,0.0106,0.0101,FALSE,0,850,0,850,38358.2382658694,39877.1071190003,39883.1120856122,8.5,2.125,56955.8377136237,199701729.182192,"Report",0,0,0,0,10,"Brine",20.4,1.73,0.265,13804.5418583257,15871.0300938779,15879.2001164792,"Praire"
33,"United States","Zeus (Noram)","Volcano-Sedimentary",37.7727374,-117.5011243,"Evaluation","Evaluation",NA,0.0941646390879754,0.0871,FALSE,0,972.079,0,972.079,42725.13269125,47884.0959041203,54997.4839005816,29.16237,7.2905925,82730.3782542635,2.5e+08,"Report",0,0,0,0,8,"Volcano-Sedimentary",16,2.54,0.25,18698.022255,25576.6398721604,35061.1572007754,"Zeus (Noram)"
34,"Canada","Boardwalk","Brine",54.36,-116.91,"Evaluation","Evaluation",NA,NA,NA,FALSE,0,0,0,0,45550.9216577039,46981.5640949414,49695.1335541713,0,0,56955.8377136237,199701729.182192,"Report",0,0,0,0,8,"Brine",20.4,1.73,0.265,23590.50565674,25536.9579523011,29228.8891893487,"Boardwalk"
35,"Argentina","Salar de Cauchari (Allkem)","Brine",-23.77,-66.8,"Evaluation","Evaluation",0.0501,0.0482988023952096,0.0473,FALSE,212,623,0,835,53444.7318767249,53463.8624494077,53474.4707589937,8.35,2.0875,56955.8377136237,199701729.182192,"Report",0,0,0,0,8,"Brine",41,2.51,0.35,19984.5105795768,20013.9422298579,20030.2627061441,"Salar de Cauchari (Allkem)"
36,"Tanzania","Titan 2","Volcano-Sedimentary",-3.97,37.25,"No info","No Info",NA,NA,NA,FALSE,0,0,0,0,59418.5098945064,63167.138728161,70929.9698858896,0,0,82730.3782542635,2.5e+08,"Quantile",0,0,0,0,10,"Volcano-Sedimentary",45.5,2.77,0.3,34695.2998492949,40050.4838973728,51140.242694128,"Titan 2"
37,"Australia","Kathleen Valley","Hard Rock",-27.48,120.55,"Construction","Construction",0.622463186077644,0.643587384921436,0.603882195448461,TRUE,426.082089692102,404.251587696581,0,830.333677388683,59928.5650861329,64895.2513090995,65970.0482167595,41.5166838694341,10.3791709673585,19102.9684159287,0,"Regression",0,0,15.2534285177531,16.9481495397332,5,"Hard Rock",18.8,1.57,0.3,32382.2358373327,39477.5018701421,41012.9260239421,""
38,"Afghanistan","Nuristan","Hard Rock",35.38,71,"No info","No Info",NA,NA,NA,FALSE,0,0,0,0,57009.8920082616,64591.1427952698,68231.0926214856,0,0,19102.9684159287,126053693.925837,"Quantile",0,0,0,0,10,"Hard Rock",55.9,5.05,0.2,34666.740010327,44143.3034940873,48693.240776857,""
39,"Argentina","Diablillios/Sal de Los Angeles","Brine",-25.24,-66.76,"Construction","Construction",NA,NA,0.0556,TRUE,0,0,0,0,55622.1356631927,58127.6103638159,59264.0475093097,9.39319932368965,2.34829983092241,56955.8377136237,0,"Quantile",0,0,3.75727972947586,9.39319932368965,5,"Brine",41,2.51,0.35,23334.3625587579,27188.9390212552,28937.3038604765,""
40,"Argentina","Pastos Grandes (Lithium Americas)","Brine",-24.53,-66.73,"Evaluation","Evaluation",0.0439,NA,NA,FALSE,177,593.276123443422,0,770.276123443422,53564.1136147814,54681.5253045926,57185.693696562,7.70276123443422,1.92569030860855,56955.8377136237,199701729.182192,"Report",0,0,0,0,8,"Brine",41,2.51,0.35,20168.1747919714,21887.2696993732,25739.8364562492,""
41,"Peru","Falchani","Volcano-Sedimentary",-13.998,-70.669,"Evaluation","Evaluation",NA,0.2954,0.2706,FALSE,0,180.357336220899,0,180.357336220899,58462.1232960535,64732.0025581781,69385.8878905184,5.41072008662696,1.35268002165674,82730.3782542635,2.5e+08,"Quantile",0,0,0,0,8,"Other (Volcanic Rock)",31.3,2.95,0.295,34282.7417985768,43711.1316664332,50709.4554744638,""
42,"Chile","Salar de Tambo","Brine",-19.09,-68.9,"No info","No Info",NA,NA,0.0588,FALSE,0,0,0,0,52307.8229168424,53805.5335205353,56215.7256390558,0,0,56955.8377136237,199701729.182192,"Quantile",0,0,0,0,10,"Brine",27.4,2.38,0.27,23148.9583336038,25453.1284931313,29161.1163677781,""
43,"Chile","Salar La Isla","Brine",-25.74,-68.64,"No info","No Info",NA,NA,0.0841,FALSE,0,0,0,0,52318.2203748255,55304.7459357655,55996.0275618879,0,0,56955.8377136237,199701729.182192,"Quantile",0,0,0,0,10,"Brine",27.4,2.38,0.27,23164.9544228085,27759.6091319469,28823.1193259814,""
44,"Chile","Salar de Pedernales","Brine",-26.2,-69.12,"No info","No Info",NA,NA,0.05,FALSE,0,0,0,0,52606.7547008559,53667.4428744906,56418.0137669044,0,0,56955.8377136237,199701729.182192,"Quantile",0,0,0,0,10,"Brine",27.4,2.38,0.27,23608.8533859322,25240.6813453701,29472.3288721607,""
45,"Argentina","Arizaro","Brine",-24.37,-67.22,"Evaluation","Evaluation",NA,NA,0.0362,FALSE,0,0,0,0,56996.989650414,58228.1554799659,60621.3802928379,0,0,56955.8377136237,199701729.182192,"Report",0,0,0,0,8,"Brine",41,2.51,0.35,25449.5225390984,27343.6238153322,31025.5081428275,""
46,"Canada","Exshaw","Brine",52.382,-113.387,"No info","No Info",NA,NA,0.0075,FALSE,0,0,0,0,45756.8800626769,48379.1425912816,50111.0444002212,0,0,56955.8377136237,199701729.182192,"Quantile",0,0,0,0,10,"Other (Oilfield)",20.4,1.73,0.265,23870.72117371,27438.4252942607,29794.7542860152,""
47,"Mali","Goulamina","Hard Rock",11.34,-7.96,"Construction","Construction",0.701432396251673,0.688777104965631,0.641044176706827,TRUE,364.651941097724,83.3291195761191,0,447.981060673843,50542.8500633067,50900.7883847633,52250.851677104,22.3990530336922,5.59976325842304,19102.9684159287,0,"Report",0,0,18.2136013526207,20.2374600789029,5,"Hard Rock",47.1,4.98,0.2686,25641.0911448,26130.4790603819,27976.3408218539,"Goulamina"
48,"Canada","Corvette","Hard Rock",53.55,-73.93,"No info","No Info",NA,NA,0.659625167336011,FALSE,0,0,0,0,53070.3051097064,58723.8631182736,63422.9279552581,0,0,19102.9684159287,126053693.925837,"Quantile",0,0,0,0,10,"Hard Rock",20.4,1.73,0.265,33820.9593329339,41512.8749908485,47906.1604833443,""
49,"Chile","Salar de Cancosa","Brine",-19.91,-68.59,"No info","No Info",NA,NA,0.0322,FALSE,0,0,0,0,52515.8635844138,53736.5429837287,56131.1023815029,0,0,56955.8377136237,199701729.182192,"Quantile",0,0,0,0,10,"Brine",27.4,2.38,0.27,23469.0208990982,25346.9892057365,29030.9267407736,""
50,"Argentina","Pozuelos-Pastos Grandes (Pluspetrol)","Brine",-24.71,-66.82,"Construction","Construction",NA,0.048945875769446,0.0501,TRUE,0,491.425,0,491.425,52039.5948532041,54045.5660873887,55699.781942591,4.91425,1.2285625,56955.8377136237,0,"Report",0,0,0,0,5,"Brine",41,2.51,0.35,17822.7613126217,20908.870903675,23453.8183732169,""
51,"Canada","Beaverhill","Brine",54.363,-116.562,"No info","No Info",NA,NA,NA,FALSE,0,0,0,0,45290.623800717,47381.7565711196,49509.2809425689,0,0,56955.8377136237,199701729.182192,"Quantile",0,0,0,0,10,"Other (Oilfield)",20.4,1.73,0.265,23236.3589125401,26081.4375117274,28976.0284932911,""
52,"United States","Smackover LANXESS","Brine",33.178,-92.72,"No info","No Info",NA,NA,NA,FALSE,0,0,0,0,44499.6400090404,46620.714554272,49023.2380336957,0,0,56955.8377136237,199701729.182192,"Quantile",0,0,0,0,10,"Other (Oilfield)",16,2.54,0.25,23639.2594564983,26467.3588501404,29670.723489372,"Smackover LANXESS"
53,"Chile","Salar de Maricunga","Brine",-26.92,-69.07,"Evaluation","Evaluation",0.0976,0.0951515363128492,NA,FALSE,90,452,0,542,51706.5246443872,51732.5298491485,55707.4416537138,5.42,1.355,56955.8377136237,199701729.182192,"Report",0,0,0,0,8,"Brine",27.4,2.38,0.27,22223.884068288,22263.892075613,28379.1410057135,""
54,"United States","Kings Mountain/Bessemer City","Hard Rock",35.22,-81.35,"No info","No Info",NA,0.636398929049532,0.510977242302544,FALSE,0,269.869878885282,0,269.869878885282,51852.8579556094,58878.4936783977,62516.0941368855,13.4934939442641,3.37337348606602,19102.9684159287,126053693.925837,"Quantile",0,0,0,0,10,"Hard Rock",16,2.54,0.25,33650.4772741459,43017.9915711969,47868.1255158474,""
55,"France","Beauvoir","Hard Rock",46.18,2.95,"No info","No Info",NA,NA,NA,FALSE,0,0,0,0,52067.9458658565,55950.758627084,62604.1650225743,0,0,19102.9684159287,126053693.925837,"Quantile",0,0,0,0,10,"Hard Rock",23.2,2.17,0.25,33748.191871142,38925.2755527787,47796.484080099,""
56,"Canada","La Corne(sayona)","Hard Rock",48.41,-77.81,"Producing","Open",0.445943775100402,NA,NA,TRUE,130.206291834003,230.636546184739,0,360.842838018742,48135.170395,52101.4684428146,58433.4971982645,18.0421419009371,4.51053547523427,19102.9684159287,0,"Report",0.336773023617288,2.20197746211303,5.63591959421379,5.63591959421379,3,"Hard Rock",20.4,1.73,0.265,27106.4903333333,32502.814207911,41117.8193173666,""
57,"Germany","Zinnwald","Hard Rock",50.7363888888889,13.7652777777778,"Evaluation","Evaluation",NA,0.225759036144578,0.214145917001339,FALSE,0,429,0,429,66994.5722593575,75419.6532114263,75734.0137448759,21.45,5.3625,19102.9684159287,126053693.925837,"Quantile",0,0,0,0,8,"Hard Rock",20.3,1.89,0.3,34872.2460847964,46908.0760163233,47357.1624926799,"Zinnwald"
58,"Australia","Mt. Marion","Hard Rock",-31.08,121.43,"Producing","Open",NA,0.622463186077644,0.641044176706827,TRUE,0,141.250253911822,0,141.250253911822,63102.6660062887,67711.7798578406,72918.0604600205,22.5436783768552,5.63591959421379,19102.9684159287,0,"Quantile",13.2368381027199,15.239197815715,22.5436783768552,22.5436783768552,3,"Hard Rock",18.8,1.57,0.3,36916.6657232696,43501.1140826295,50938.6578000293,""
59,"United States","Great Salt Lake","Brine",40.79,-112.68,"No info","No Info",NA,NA,NA,FALSE,0,0,0,0,46888.4110681777,48728.5338294207,51154.7407868161,0,0,56955.8377136237,199701729.182192,"Quantile",0,0,0,0,10,"Brine",16,2.54,0.25,23340.6014242369,25794.0984392276,29029.0410490881,""
60,"Canada","Clearwater","Brine",51.796,-113.88,"Evaluation","Evaluation",NA,NA,0.00746,FALSE,0,0,0,0,45209.6929785146,48044.5533215618,49353.6320648423,0,0,56955.8377136237,199701729.182192,"Report",0,0,0,0,8,"Other (Oilfield)",20.4,1.73,0.265,23126.24895036,26983.2017980432,28764.2613127106,""
61,"Canada","PAK/Spark","Hard Rock",52.59,-93.38,"Evaluation","Evaluation",0.720013386880857,0.725756518578946,0.622463186077644,FALSE,159.122958500669,36.6040870147256,0,195.727045515395,49240.1834354144,56160.8115530321,59096.7079338149,9.78635227576975,2.44658806894244,19102.9684159287,126053693.925837,"Regression",0,0,0,0,8,"Hard Rock",20.4,1.73,0.265,28609.9094359379,38025.7300041253,42020.1468487278,""
62,"Canada","Barraute","Hard Rock",48.44,-77.64,"No info","No Info",NA,NA,NA,FALSE,0,0,0,0,52864.1044769683,59827.8863172602,63197.4457868134,0,0,19102.9684159287,126053693.925837,"Quantile",0,0,0,0,10,"Hard Rock",20.4,1.73,0.265,33540.4142543787,43014.947370422,47599.3820228754,""
63,"Zimbabwe","Arcadia","Hard Rock",-17.78,31.41,"Producing","Open",0.552784471218206,0.499568393007426,0.459879518072289,TRUE,234.120481927711,68.4622486271993,0,302.58273055491,52435.32374085,53978.7476535659,55129.8425989891,15.1291365277455,3.78228413193638,19102.9684159287,0,"Report",0.361275582443043,1.1925601750547,4.09543490512869,4.09543490512869,3,"Hard Rock",45.5,3.38,0.25,27329.7649878,29387.6635380878,30922.4567986522,"Arcadia"
64,"Chile","Salar de Surire","Brine",-18.91,-69.09,"No info","No Info",NA,NA,0.0253,FALSE,0,0,0,0,52739.574636212,53994.9995685351,56509.8249689806,0,0,56955.8377136237,199701729.182192,"Quantile",0,0,0,0,10,"Brine",27.4,2.38,0.27,23813.1917480185,25744.6147208233,29613.5768753547,""
65,"Chile","Laguna Verde","Brine",-26.88,-68.47,"Evaluation","Evaluation",NA,0.0196272727272727,0.0208,FALSE,0,206.659447753113,0,206.659447753113,52677.1492470731,53601.0797940636,56385.8871505126,6.1997834325934,1.54994585814835,56955.8377136237,199701729.182192,"Quantile",0,0,0,0,8,"Brine",27.4,2.38,0.27,23717.1526878047,25138.5842985593,29422.9033084809,""
66,"China","Zhabuye","Brine",30.9,84.15,"Producing","Open",NA,NA,NA,TRUE,0,0,0,0,45964.1294848206,47103.4011876636,50275.6280894527,2.02684002986948,0.50671000746737,56955.8377136237,0,"Report",1.38807832348637,2.02684002986948,2.02684002986948,2.02684002986948,3,"Brine",22.1,2.94,0.25,18701.5059797608,20220.5349168848,24450.170785937,""
67,"China","Dahongliu","Hard Rock",35.48,79.17,"Producing","Open",NA,NA,NA,TRUE,0,0,0,0,56924.8172933396,63119.6604979216,67430.6678697727,0,0,19102.9684159287,0,"Quantile",0,0,0,0,3,"Hard Rock",22.1,2.94,0.25,33315.7563911195,41575.5473305621,47323.5571596969,""
68,"Spain","San Jose/Valdeflores","Hard Rock",39.45209,-6.347678,"Evaluation","Evaluation",0.38091030789826,0.292650602409639,0.274069611780455,FALSE,141.698634538153,29.4200751392667,0,171.118709677419,54150.9429970221,56710.7359122543,57249.6396838821,8.55593548387097,2.13898387096774,19102.9684159287,126053693.925837,"Report",0,0,0,0,8,"Hard Rock",22.1,2.23,0.25,36714.5906626962,40127.6478830057,40846.1862451762,""
69,"Argentina","Hombre Muerto North (Lithium South)","Brine",-25.32,-66.9,"Construction","Construction",NA,0.0743416274377942,0,TRUE,0,297.4,0,297.4,50392.2092916283,51975.0310655356,52764.6156748355,2.974,0.7435,56955.8377136237,0,"Report",0,0,0,0,5,"Brine",41,2.51,0.35,15288.3219871205,17723.4324085163,18938.1779612854,""
70,"United States","Green River","Brine",38.84,-110.23,"No info","No Info",NA,NA,NA,FALSE,0,0,0,0,46852.5875393735,48721.143065379,51136.0955017266,0,0,56955.8377136237,199701729.182192,"Quantile",0,0,0,0,10,"Brine",16,2.54,0.25,23292.8367191647,25784.244087172,29004.1806689688,""
71,"United States","Silver Peak","Brine",37.762686,-117.622147,"Producing","Open",NA,NA,NA,TRUE,0,0,0,0,46546.965807403,48675.2858738698,51165.2085312906,3.75727972947586,0.939319932368965,56955.8377136237,0,"Quantile",0,0,1.87863986473793,3.75727972947586,3,"Brine",16,2.54,0.25,23793.7997432039,26631.5598318265,29951.4567083874,""
72,"Russia","Kolmorzerskoe","Hard Rock",67.959,37.118,"No info","No Info",NA,NA,NA,FALSE,0,0,0,0,57967.0611854892,65697.0938691623,68482.3386542558,0,0,19102.9684159287,126053693.925837,"Quantile",0,0,0,0,10,"Hard Rock",21.8,3.42,0.25,33285.9482473189,43592.6584922164,47306.3182056743,""
73,"United States","Paradox","Brine",38.57,-109.72,"No info","No Info",NA,0.0123,0.0109,FALSE,0,68.9032932995411,0,68.9032932995411,44403.9847769865,47370.8327208939,47387.9897683566,2.06709879898623,0.516774699746559,56955.8377136237,199701729.182192,"Report",0,0,0,0,10,"Brine",16,2.54,0.25,20028.0330359819,23983.8302945252,24006.7063578088,""
74,"Chile","Salar de Aguilar","Brine",-25.81,-68.9,"No info","No Info",NA,NA,0.0284,FALSE,0,0,0,0,52414.6780277585,55118.4048384927,56390.7465475749,0,0,56955.8377136237,199701729.182192,"Quantile",0,0,0,0,10,"Brine",27.4,2.38,0.27,23313.3508119361,27472.930520758,29430.3793039614,""
75,"Zimbabwe","Kamativi","Hard Rock",-18.33,27.07,"Evaluation","Evaluation",NA,NA,NA,FALSE,0,0,0,0,57701.0204608333,66912.3951116165,68215.977062367,0,0,19102.9684159287,126053693.925837,"Quantile",0,0,0,0,8,"Hard Rock",45.5,3.38,0.25,34350.6939477778,46632.5268154886,48370.636083156,""
76,"Namibia","Uis","Hard Rock",-21.22,14.88,"No info","No Info",NA,0.336592595873691,0.339103078982597,FALSE,0,126.350736278447,0,126.350736278447,59262.384428419,64520.5710206015,68820.6788245626,6.31753681392236,1.57938420348059,19102.9684159287,126053693.925837,"Quantile",0,0,0,0,10,"Hard Rock",38.6,1.94,0.32,33920.5653359103,41653.1926773551,47976.8806243568,""
77,"Canada","James Bay","Hard Rock",52.29,-77.1,"Evaluation","Evaluation",0.603882195448461,0.650334672021419,0,FALSE,224.6906291834,37.3942436412316,0,262.084872824632,47631.8007850232,53454.3122816,71938.7116484344,13.1042436412316,3.2760609103079,19102.9684159287,126053693.925837,"Report",0,0,0,0,8,"Hard Rock",20.4,1.73,0.265,26421.63372112,34343.418070204,59492.2607461692,""
78,"Canada","Whabouchi","Hard Rock",51.69,-75.84,"Evaluation","Evaluation",0.603882195448461,NA,NA,FALSE,221.020883534137,0,0,221.020883534137,52540.9690366348,60775.2267000582,62874.4656255537,11.0510441767068,2.76276104417671,19102.9684159287,126053693.925837,"Regression",0,0,0,0,8,"Hard Rock",20.4,1.73,0.265,33100.7741995032,44303.8458504193,47159.9532320458,""
79,"China","Yichun 414","Hard Rock",27.59,114.39,"Producing","Open",NA,NA,NA,TRUE,0,0,0,0,58998.3025503968,65281.5223963289,69559.9488499393,3.96733667446652,0.99183416861663,19102.9684159287,0,"Quantile",2.71702451039222,3.96733667446652,3.96733667446652,3.96733667446652,3,"Hard Rock",22.1,2.94,0.25,36080.4034005291,44458.0298617719,50162.5984665857,""
80,"United States","Rhyolite Ridge","Volcano-Sedimentary",37.831711,-117.895265,"Evaluation","Evaluation",0.1797,0.159573885848319,0.16,FALSE,108.1794,95.2111020352781,0,203.390502035278,39528.85765594,47139.2384814844,51810.0988523282,6.10171506105834,1.52542876526459,82730.3782542635,2.5e+08,"Report",0,0,0,0,8,"Volcano-Sedimentary",16,2.54,0.25,14436.32220792,24583.4966419792,30811.310469771,""
81,"Ethiopia","Kenticha","Hard Rock",5.45,39.02,"No info","No Info",NA,NA,NA,FALSE,0,0,0,0,61669.0417311569,66895.4764528216,71516.3191676327,0,0,19102.9684159287,126053693.925837,"Quantile",0,0,0,0,10,"Hard Rock",52,4.54,0.3,34868.6310445099,42334.9663611737,48936.1702394752,""
82,"United States","Smackover SWA","Brine",33.243,-93.455,"No info","No Info",NA,NA,NA,FALSE,0,0,0,0,44565.9451713035,46176.153999681,49163.8022941783,0,0,56955.8377136237,199701729.182192,"Quantile",0,0,0,0,10,"Other (Oilfield)",16,2.54,0.25,23727.6663395157,25874.6114440191,29858.1425033488,""
83,"China","Huaqiao Dagang","Hard Rock",28.36,114.55,"Producing","Open",0.236907630522088,NA,NA,TRUE,113.111785100402,104.652287429719,0,217.76407253012,67406.930139277,73709.5180287797,77913.8207620774,10.888203626506,2.72205090662651,19102.9684159287,0,"Regression",0,0,0,0,3,"Hard Rock",22.1,2.94,0.25,47291.9068523693,55695.3573717062,61301.0943494365,""
84,"United States","Plumbago North","Hard Rock",44.54472,-70.74361,"No info","No Info",NA,NA,NA,FALSE,0,0,0,0,54756.1130867057,59529.0076733657,65265.7906861703,0,0,19102.9684159287,126053693.925837,"Quantile",0,0,0,0,10,"Hard Rock",16,2.54,0.25,34398.657448941,40762.5168978209,48411.5609148938,""
85,"Ghana","Ewoyaa","Hard Rock",5.23,-1.03,"Evaluation","Evaluation",0.566720214190094,0.587623828647925,0.518409638554217,FALSE,145.080374832664,17.0440172743705,0,162.124392107035,50442.8928702852,54387.4494486293,56394.8659979429,8.10621960535173,2.02655490133793,19102.9684159287,126053693.925837,"Report",0,0,0,0,8,"Hard Rock",40,2.57,0.25,24673.1904937136,29932.599264839,32609.1546639239,""
86,"China","Jiajika","Hard Rock",30.33,101.316,"Producing","Open",NA,NA,NA,TRUE,0,0,0,0,58245.2642944117,62913.432787162,68767.4486771292,2.47193410042882,0.617983525107205,19102.9684159287,0,"Quantile",1.69290032332398,2.47193410042882,2.47193410042882,2.47193410042882,3,"Hard Rock",22.1,2.94,0.25,35076.3523925489,41300.5770495493,49105.9315695057,""
87,"Austria","Wolfsberg/Koralpe","Hard Rock",46.84,14.99,"Evaluation","Evaluation",NA,0.529558232931727,0.362329317269076,FALSE,0,36.2370608359363,0,36.2370608359363,52005.0165976925,58224.9940850296,63139.7964822754,1.81185304179682,0.452963260449204,19102.9684159287,126053693.925837,"Quantile",0,0,0,0,8,"Hard Rock",21.3,1.86,0.24,33407.9165759113,41592.0974803021,48058.942739836,""
88,"Brazil","Grota do Cirilo (Barreiro)","Hard Rock",-16.74,-41.9,"Evaluation","Evaluation",0.631753681392236,0.642828268208516,0.645689424364123,FALSE,137.127937195452,23.9537087168382,0,161.08164591229,57026.108096,61651.9438310627,66290.9102961539,8.05408229561451,2.01352057390363,19102.9684159287,126053693.925837,"Report",0,0,0,0,8,"Hard Rock",40.9,2.83,0.34,27930.8456,34939.6876228223,41968.4246911422,""
89,"Brazil","Grota do Cirilo (NDC)","Hard Rock",-16.74,-41.9,"No info","No Info",NA,0.690987364471499,0.687496653279786,FALSE,0,161.006497022198,0,161.006497022198,60906.8262342569,65813.024636876,65902.1166863091,8.05032485110991,2.01258121277748,19102.9684159287,126053693.925837,"Quantile",0,0,0,0,10,"Hard Rock",40.9,2.83,0.34,33810.7215670559,41244.3555104181,41379.3434641047,""
90,"Canada","Rocky","Brine",52.153,-114.74,"No info","No Info",NA,NA,0.00529,FALSE,0,0,0,0,45381.2653466191,47447.7113076927,49518.5744464173,0,0,56955.8377136237,199701729.182192,"Quantile",0,0,0,0,10,"Other (Oilfield)",20.4,1.73,0.265,23359.6807436995,26171.171847201,28988.672716214,""
91,"Chile","Francisco Basin","Brine",-27.49,-69.2,"Evaluation","Evaluation",NA,0.0221,0.0195,FALSE,0,82.6637791012453,0,82.6637791012453,52327.6683518267,55280.838509847,55308.4531862394,2.47991337303736,0.61997834325934,56955.8377136237,199701729.182192,"Quantile",0,0,0,0,8,"Brine",27.4,2.38,0.27,23179.489772041,27722.8284766877,27765.3125942145,""
92,"Argentina","Candelas","Brine",-25.53,-66.88,"Evaluation","Evaluation",NA,0.0672,0,FALSE,0,167,0,167,55948.52183905,57807.0841304728,58520.8173049228,1.67,0.4175,56955.8377136237,199701729.182192,"Report",0,0,0,0,8,"Brine",41,2.51,0.35,23836.495137,26695.8217391889,27793.8727768043,""
93,"Zimbabwe","Bikita","Hard Rock",-20.09,31.6,"Producing","Open",NA,NA,NA,TRUE,0,0,0,0,57485.4242936011,62898.4059047309,67997.118524317,6.38737554010896,1.59684388502724,19102.9684159287,0,"Quantile",0.563457330415755,1.85995623632385,6.38737554010896,6.38737554010896,3,"Hard Rock",45.5,3.38,0.25,34063.2323914681,41280.5412063079,48078.8246990894,""
94,"Mali","Bougouni","Hard Rock",11.1,-7.43,"Construction","Construction",NA,0.520267737617135,0.473815261044177,TRUE,0,59.9236947791165,0,59.9236947791165,54782.7689628328,61835.0783905823,63148.9257858109,2.99618473895582,0.749046184738956,19102.9684159287,0,"Report",0,0,0,0,5,"Hard Rock",47.1,4.98,0.2686,31438.0817101898,41080.2876546107,42876.6335600368,""
95,"Brazil","Grota de Cirilo ( Xuxa)","Hard Rock",-16.74,-41.9,"Producing","Open",0.720013386880857,0.720059358742512,0.733949129852744,TRUE,84.8243096913914,40.4676773145642,0,125.291987005956,56505.689032,63173.226283149,65749.4846061329,19.777569040015,4.94439226000376,19102.9684159287,0,"Report",2.08508531772353,3.88475971743168,17.9633665226376,19.777569040015,3,"Hard Rock",40.9,2.83,0.34,27142.3318666667,37244.6610350743,41148.082736565,"Grota de Cirilo ( Xuxa)"
96,"Australia","Manna","Hard Rock",-30.87,122.53,"No info","No Info",NA,0.478460508701473,0.450589022757697,FALSE,0,87.8023597419983,0,87.8023597419983,60931.4700438648,68176.7959501617,68931.2612304406,4.39011798709991,1.09752949677498,19102.9684159287,126053693.925837,"Quantile",0,0,0,0,10,"Hard Rock",18.8,1.57,0.3,33814.9572055211,44165.4227859452,45243.2303292009,""
97,"Namibia","Karibib","Hard Rock",-22.1,15.97,"Evaluation","Evaluation",NA,NA,NA,FALSE,0,0,0,0,61317.4039796801,70280.5388967145,70871.1619329219,0,0,19102.9684159287,126053693.925837,"Quantile",0,0,0,0,8,"Hard Rock",38.6,1.94,0.32,36942.6529112943,50123.733671639,50992.2969601792,""
98,"Chile","Salar de Pajonales","Brine",-25.13,-68.8,"No info","No Info",NA,NA,0.0127,FALSE,0,0,0,0,52432.2495588602,53536.6614110339,56107.2418385223,0,0,56955.8377136237,199701729.182192,"Quantile",0,0,0,0,10,"Brine",27.4,2.38,0.27,23340.383936708,25039.4790938983,28994.2182131112,""
99,"United States","Carolina Lithium","Hard Rock",35.368879,-81.314732,"Evaluation","Evaluation",NA,0.538848728246319,0.49239625167336,FALSE,0,71.5118394725857,0,71.5118394725857,41998.73615,50473.7205627696,51820.9799918392,3.57559197362928,0.893897993407321,19102.9684159287,126053693.925837,"Report",0,0,0,0,8,"Hard Rock",16,2.54,0.25,20511.6482,31811.6274170262,33607.9733224523,"Carolina Lithium"
100,"Chile","Salar de Huasco","Brine",-20.3,-68.85,"No info","No Info",NA,NA,0.0075,FALSE,0,0,0,0,53109.0398023677,55923.1422501646,56731.9100345474,0,0,56955.8377136237,199701729.182192,"Quantile",0,0,0,0,10,"Brine",27.4,2.38,0.27,24381.5996959502,28710.9880771763,29955.2462069959,""
101,"Canada","Rose","Hard Rock",52.02,-76.16,"Evaluation","Evaluation",0.404136546184739,0.432008032128514,0.362329317269076,FALSE,90.0248995983936,42.0011537426471,0,132.026053341041,53456.562849,58133.3038947314,60113.7752554636,6.60130266705204,1.65032566676301,19102.9684159287,126053693.925837,"Report",0,0,0,0,8,"Hard Rock",20.4,1.73,0.265,34346.4800666667,40709.3930540563,43403.9119121954,""
102,"Russia","Zavantinskoe","Hard Rock",51.619,115.61,"No info","No Info",NA,NA,NA,FALSE,0,0,0,0,59928.7138447936,64651.0465628831,70481.0301401547,0,0,19102.9684159287,126053693.925837,"Quantile",0,0,0,0,10,"Hard Rock",21.8,3.42,0.25,35901.4851263915,42197.9287505108,49971.240186873,""
103,"Russia","Ulug-Tanzek","Hard Rock",50.65,96.32,"No info","No Info",NA,NA,NA,FALSE,0,0,0,0,58096.7349720043,64083.5105271492,68607.0731159317,0,0,19102.9684159287,126053693.925837,"Quantile",0,0,0,0,10,"Hard Rock",21.8,3.42,0.25,33458.846629339,41441.2140361989,47472.6308212423,""
104,"Russia","Urikskoe","Hard Rock",52.57,101.32,"No info","No Info",NA,NA,NA,FALSE,0,0,0,0,58168.4486534757,64413.1551324355,68684.9278888057,0,0,19102.9684159287,126053693.925837,"Quantile",0,0,0,0,10,"Hard Rock",21.8,3.42,0.25,33554.464871301,41880.7401765806,47576.4371850742,""
105,"Russia","Goltsovoe/Goltsovoya","Hard Rock",52.979,101.18,"No info","No Info",NA,NA,NA,FALSE,0,0,0,0,60115.7641753435,66295.0905236915,70655.7591149566,0,0,19102.9684159287,126053693.925837,"Quantile",0,0,0,0,10,"Hard Rock",21.8,3.42,0.25,36150.8855671246,44389.987364922,50204.2121532755,""
106,"Russia","Polmostundrovskoe","Hard Rock",68.276,35.907,"No info","No Info",NA,NA,NA,FALSE,0,0,0,0,58782.3120404993,64373.7706898113,69339.3535349286,0,0,19102.9684159287,126053693.925837,"Quantile",0,0,0,0,10,"Hard Rock",21.8,3.42,0.25,34372.9493873324,41828.2275864151,48449.0047132382,""
107,"Portugal","Mina Do Barroso","Hard Rock",41.630187,-7.80187,"Evaluation","Evaluation",NA,0.481901972221873,0.510977242302544,FALSE,0,88.9100401606426,0,88.9100401606426,52325.9331706314,59266.7936656303,63406.0969477881,4.44550200803213,1.11137550200803,19102.9684159287,126053693.925837,"Quantile",0,0,0,0,8,"Hard Rock",23.5,1.64,0.21,33893.0799628245,42678.9793235826,47918.6037313774,""
108,"Canada","Yellowknife","Hard Rock",62.53,-114.15,"No info","No Info",NA,NA,NA,FALSE,0,0,0,0,54414.234492323,59476.6736540441,64717.3919887201,0,0,19102.9684159287,126053693.925837,"Quantile",0,0,0,0,10,"Hard Rock",20.4,1.73,0.265,35649.4346834327,42537.1070123048,49667.3360390749,""
109,"Brazil","Mibra/Volta Grande","Hard Rock",-21.09,-44.59,"Producing","Open",NA,0.491860328131342,0.478460508701473,TRUE,0,99.7312267818709,0,99.7312267818709,61720.8772914399,68149.6545880938,68491.6529114943,4.98656133909354,1.24664033477339,19102.9684159287,0,"Quantile",0.420619444812948,0.783663604404351,3.62370843509299,3.62370843509299,3,"Hard Rock",40.9,2.83,0.34,35044.1322597575,44784.7039213542,45302.8831992338,"Mibra/Volta Grande"
110,"Australia","Bald Hill","Hard Rock",-31.51,122.18,"Producing","Open",0.469170013386881,0.469170013386881,0.418072289156627,TRUE,53.0022757697457,15.3757697456493,0,68.3780455153949,64078.1241276672,70421.2769454389,71804.463292617,3.41890227576975,0.854725568942436,19102.9684159287,0,"Regression",0,0,0,0,3,"Hard Rock",18.8,1.57,0.3,38310.1773252388,47371.8242077698,49347.8047037385,""
111,"Argentina","Sal de Puna","Brine",-24.56,-66.63,"Evaluation","Evaluation",NA,NA,0.046,FALSE,0,0,0,0,55756.2666504662,57381.3997388143,59657.365364766,0,0,56955.8377136237,199701729.182192,"Quantile",0,0,0,0,8,"Brine",41,2.51,0.35,23540.7179237942,26040.9226750989,29542.4082534861,""
112,"Canada","Moblan","Hard Rock",50.73,-74.88,"No info","No Info",0.650334672021419,0.631593500438536,0.617817938420348,FALSE,69.5347121820616,15.4290534687771,0,84.9637656508386,51220.6547961467,51753.3333000678,52144.8747644884,4.24818828254193,1.06204707063548,19102.9684159287,126053693.925837,"Regression",0,0,0,0,10,"Hard Rock",20.4,1.73,0.265,31304.4282940771,32029.1609524731,32561.8704278753,""
113,"Zimbabwe","Zulu","Hard Rock",-20.03,29.4,"Producing","Open",NA,NA,0.49239625167336,TRUE,0,0,0,0,59599.8397076917,63571.5792229948,70108.1042936943,2.34153672740936,0.585384181852339,19102.9684159287,0,"Quantile",0.105267087141202,0.347483588621444,1.19331204208153,2.34153672740936,3,"Hard Rock",45.5,3.38,0.25,36882.452943589,42178.1056306597,50893.4723915924,""
114,"Chile","Salar de Ascotan","Brine",-21.48,-68.39,"No info","No Info",NA,NA,0.029,FALSE,0,0,0,0,52782.2421593641,54850.3445444755,56404.814902019,0,0,56955.8377136237,199701729.182192,"Quantile",0,0,0,0,10,"Brine",27.4,2.38,0.27,23878.8340913293,27060.5300684239,29452.0229261831,""
115,"Australia","Marble Bar","Hard Rock",-21.1,119.85,"No info","No Info",NA,0.450589022757697,0.469170013386881,FALSE,0,18.6098943923844,0,18.6098943923844,61401.3278474527,65542.1831100903,71231.9256393351,0.930494719619218,0.232623679904804,19102.9684159287,126053693.925837,"Quantile",0,0,0,0,10,"Hard Rock",18.8,1.57,0.3,34486.1826392181,40401.6901572719,48529.8937704787,""
116,"China","Baishicun Huashan","Hard Rock",28.32,114.56,"Producing","Open",NA,NA,NA,TRUE,47.3815261044177,34.155019645447,0,81.5365457498647,54619.982826945,58762.4366553375,65179.9524814241,4.07682728749323,1.01920682187331,19102.9684159287,0,"Report",0,0,0,0,3,"Hard Rock",22.1,2.94,0.25,30242.64376926,35765.91554045,44322.6033085655,""
117,"Canada","Separation Rapids","Hard Rock",50.26,-94.56,"Evaluation","Evaluation",NA,0.625836520685918,0.641044176706827,FALSE,0,63.5187575312888,0,63.5187575312888,54877.4673924243,58812.1962966455,65189.7881040431,3.17593787656444,0.793984469141111,19102.9684159287,126053693.925837,"Quantile",0,0,0,0,8,"Hard Rock",20.4,1.73,0.265,36279.6835271078,41633.0561859122,50310.0518422355,""
118,"Chile","Salar Las Parinas","Brine",-25.83,-68.51,"No info","No Info",NA,NA,0.0306,FALSE,0,0,0,0,52440.0779690752,54433.5938403032,56268.8274128985,0,0,56955.8377136237,199701729.182192,"Quantile",0,0,0,0,10,"Brine",27.4,2.38,0.27,23352.4276447311,26419.375138928,29242.8114044592,""
119,"Canada","Authier/La Motte/Colombe","Hard Rock",48.36,-78.19,"Evaluation","Evaluation",0.445943775100402,0.468818199398811,0.464524765729585,FALSE,50.3080321285141,15.9331994645248,0,66.2412315930388,57030.0374542946,61584.2085700602,61706.2404192161,3.31206157965194,0.828015394912985,19102.9684159287,126053693.925837,"Regression",0,0,0,0,8,"Hard Rock",20.4,1.73,0.265,39208.3502779519,45404.5014558642,45570.531182607,""
120,"Brazil","Colina","Hard Rock",-16.13,-42.12,"No info","No Info",NA,0.562074966532798,0.562074966532798,FALSE,0,11.6595716198126,0,11.6595716198126,61383.8601137781,67022.191462151,70634.9363972497,0.582978580990629,0.145744645247657,19102.9684159287,126053693.925837,"Quantile",0,0,0,0,10,"Hard Rock",40.9,2.83,0.34,34533.500172391,43076.4264578046,48550.2824200754,""
121,"Australia","Mt. Cattlin","Hard Rock",-33.56,120.03,"Producing","Open",0.557429718875502,0.620140562248996,0.603882195448461,TRUE,38.7413654618474,24.4340026773762,0,63.1753681392236,49191.2843397731,53893.8044951425,54333.9092419719,5.63591959421379,1.40897989855345,19102.9684159287,0,"Report",3.30920952567997,3.80979945392875,5.63591959421379,3.80979945392875,3,"Hard Rock",18.8,1.57,0.3,17043.263342533,23761.149278775,24389.8703456741,""
122,"Canada","Root","Hard Rock",50.92,-91.57,"No info","No Info",NA,NA,0.562074966532798,FALSE,0,0,0,0,53247.6294980493,58211.7005338232,63587.6179321536,0,0,19102.9684159287,126053693.925837,"Quantile",0,0,0,0,10,"Hard Rock",20.4,1.73,0.265,34062.2170041487,40816.0551480588,48130.2284791206,""
123,"Australia","Buldania","Hard Rock",-32.07,122.07,"No info","No Info",NA,0.464524765729585,0.464524765729585,FALSE,0,41.8072289156626,0,41.8072289156626,62582.2728457971,71647.6042961345,72409.355566304,2.09036144578313,0.522590361445783,19102.9684159287,126053693.925837,"Quantile",0,0,0,0,10,"Hard Rock",18.8,1.57,0.3,36173.2469225673,49123.7204230492,50211.9365232915,""
124,"Canada","Georgia Lake","Hard Rock",49.46,-88.05,"Evaluation","Evaluation",NA,0.46819936462267,0.538848728246319,FALSE,0,31.1622793860628,0,31.1622793860628,48272.9919318841,52395.8322936855,58588.5282789844,1.55811396930314,0.389528492325785,19102.9684159287,126053693.925837,"Report",0,0,0,0,8,"Hard Rock",20.4,1.73,0.265,27294.0026284138,32903.3092431096,41328.7459578019,""
125,"Finland","Ostrobothnia (All Projects)","Hard Rock",63.39162,23.50256,"Construction","Construction",0.4,0.5,0.4,TRUE,36.3720628045479,18.7120736329182,0,55.0841364374662,47423.4598970882,54238.5817201287,57332.2310373697,2.75420682187331,0.688551705468327,19102.9684159287,0,"Report",0,0,1.23990231072703,2.47980462145407,5,"Hard Rock",19.8,1.61,0.2,31865.8748713602,40384.7771501608,44251.8387967121,"Ostrobothnia"
126,"Australia","Dome North","Hard Rock",-31.77,121.61,"No info","No Info",NA,0.603882195448461,0.515622489959839,FALSE,0,32.5167336010709,0,32.5167336010709,61144.4008706668,64985.974773998,67375.1148282147,1.62583668005355,0.406459170013387,19102.9684159287,126053693.925837,"Quantile",0,0,0,0,10,"Hard Rock",18.8,1.57,0.3,34119.1441009525,39607.1068199971,43020.1640403067,""
127,"United States","Big Sandy","Volcano-Sedimentary",34.6809492,-113.557467,"No info","No Info",NA,0.194,0.178,FALSE,0,28.4,0,28.4,53667.2666399412,58877.7116491045,65944.4522662618,0.852,0.213,82730.3782542635,2.5e+08,"Quantile",0,0,0,0,10,"Volcano-Sedimentary",16,2.54,0.25,32521.0221865883,39468.282198806,48890.6030216824,""
128,"Chile","Salar de Cotacotani","Brine",-18.21,-69.34,"No info","No Info",NA,NA,0.0073,FALSE,0,0,0,0,52983.3472753972,54042.6068480882,57103.2963408569,0,0,56955.8377136237,199701729.182192,"Quantile",0,0,0,0,10,"Brine",27.4,2.38,0.27,24188.2265775342,25817.8566893665,30526.6097551645,""
129,"United Kingdom","Trevalour","Hard Rock",50.38,-4.87,"No info","No Info",NA,0,0.1114859437751,FALSE,0,57.6382329317269,0,57.6382329317269,54551.8887359341,59322.0184016123,65072.2919992258,2.88191164658635,0.720477911646586,19102.9684159287,126053693.925837,"Quantile",0,0,0,0,10,"Hard Rock",16.5,2,0.25,34238.7008313896,40598.8737189605,48265.9051824451,""
130,"China","Lijiagou","Hard Rock",31.14,105.11,"No info","No Info",NA,NA,NA,FALSE,0,0,0,0,60361.1021556424,64208.8393759077,70869.1277840359,0,0,19102.9684159287,126053693.925837,"Quantile",0,0,0,0,10,"Hard Rock",22.1,2.94,0.25,37897.4695408565,43027.7858345436,51908.1703787145,""
131,"Canada","Thompson Brothers","Hard Rock",54.85,-99.72,"No info","No Info",NA,0.464524765729585,0.455234270414993,FALSE,0,42.3600133868809,0,42.3600133868809,54066.1711427789,58133.8207150293,58397.8835631269,2.11800066934404,0.529500167336011,19102.9684159287,126053693.925837,"Quantile",0,0,0,0,10,"Hard Rock",20.4,1.73,0.265,35175.8791058216,40710.0962109242,41069.3653920094,""
132,"Russia","Orlovka","Hard Rock",51.057,114.834,"No info","No Info",NA,NA,NA,FALSE,0,0,0,0,58327.3302538501,62868.5772463054,68832.8700181363,0,0,19102.9684159287,126053693.925837,"Quantile",0,0,0,0,10,"Hard Rock",21.8,3.42,0.25,33766.3070051334,39821.3029950739,47773.6933575151,""
133,"Portugal","Sepeda/Romano","Hard Rock",41.730333,-7.726452,"No info","No Info",NA,NA,0.464524765729585,FALSE,0,0,0,0,53571.6147343085,58293.079304482,64638.3174255558,0,0,19102.9684159287,126053693.925837,"Quantile",0,0,0,0,10,"Hard Rock",23.5,1.64,0.21,35469.892068745,41446.4294993443,49478.3764880453,""
134,"Canada","Seymour","Hard Rock",50.41,-88.45,"Evaluation","Evaluation",NA,0.557429718875502,0.325167336010709,FALSE,0,32.8353975903614,0,32.8353975903614,52935.4694374934,60202.6801309409,66804.2513333817,1.64176987951807,0.410442469879518,19102.9684159287,126053693.925837,"Quantile",0,0,0,0,8,"Hard Rock",20.4,1.73,0.265,33637.5094387665,43524.8709264502,52506.6004535806,""
135,"China","Shuinanduan","Hard Rock",28.36,114.59,"Producing","Open",NA,0.17540407866468,0.171874163319946,TRUE,0,31.7600227576975,0,31.7600227576975,57049.092143282,63295.7979432138,63398.1759450528,1.58800113788487,0.397000284471218,19102.9684159287,0,"Quantile",0,0,0,0,3,"Hard Rock",22.1,2.94,0.25,33481.4561910427,41810.3972576184,41946.9012600703,""
136,"Argentina","Salar del Rincon (Argosy)","Brine",-24.12,-66.97,"Producing","Open",NA,NA,NA,TRUE,0,0,0,0,57209.17538125,58697.2726624588,61210.0801322458,1.87863986473793,0.469659966184482,56955.8377136237,0,"Report",0.336715328467153,0.490510948905109,1.31504790531655,1.87863986473793,3,"Brine",41,2.51,0.35,25775.962125,28065.3425576289,31931.200203455,""
137,"Canada","Fox Creek","Brine",54.436109,-116.872234,"No info","No Info",NA,NA,0.0072,FALSE,0,0,0,0,45222.5955194128,46782.825605352,49502.8110909355,0,0,56955.8377136237,199701729.182192,"Quantile",0,0,0,0,10,"Other (Oilfield)",20.4,1.73,0.265,23143.8034277726,25266.5654494585,28967.2259740619,""
138,"United States","Fort Cady","Volcano-Sedimentary",34.78,-116.43,"Construction","Construction",0.0367,0.0366883256528418,0.0322,TRUE,15.05067,5.10429,0,20.15496,51961.8397956644,57202.3421258134,64328.8891758269,0.937253428517753,0.234313357129438,82730.3782542635,0,"Quantile",0,0,0,0.937253428517753,5,"Volcano-Sedimentary",16,2.54,0.25,30956.8530608859,37944.1895010845,47446.2522344359,""
139,"United States","Clayton Valley (Schlumberger)","Brine",37.7,-117.53,"Evaluation","Evaluation",NA,NA,0.0123,FALSE,0,0,0,0,45593.3791234938,47875.7493714105,49821.2355232625,0,0,56955.8377136237,199701729.182192,"Report",0,0,0,0,8,"Brine",16,2.54,0.25,22522.3508313251,25565.5111618807,28159.4926976834,""
140,"Brazil","Grota do Cirilo (Murial)","Hard Rock",-16.74,-41.9,"No info","No Info",NA,0.529718516237474,0.49239625167336,FALSE,0,29.4020032485111,0,29.4020032485111,61237.7907262482,65763.4615067385,66716.0229926034,1.47010016242556,0.367525040606389,19102.9684159287,126053693.925837,"Quantile",0,0,0,0,10,"Hard Rock",40.9,2.83,0.34,34312.1829185578,41169.2598586947,42612.5348372779,""
141,"Canada","Wekuso Lake","Hard Rock",54.87,-99.65,"No info","No Info",NA,NA,NA,FALSE,0,0,0,0,52698.4842893074,58193.0984092017,62994.3220814135,0,0,19102.9684159287,126053693.925837,"Quantile",0,0,0,0,10,"Hard Rock",20.4,1.73,0.265,33315.0806657244,40790.7461349683,47323.0232400184,""
142,"Canada","Gods Lake","Hard Rock",54.86,-94.19,"No info","No Info",NA,NA,NA,FALSE,0,0,0,0,55453.5290586971,60080.4350159836,65756.0235825803,0,0,19102.9684159287,126053693.925837,"Quantile",0,0,0,0,10,"Hard Rock",20.4,1.73,0.265,37063.4408961865,43358.5510421546,51080.4402484085,""
143,"Canada","Snow Lake","Hard Rock",54.88,-100.03,"No info","No Info",NA,NA,NA,FALSE,0,0,0,0,52867.4490147664,60868.7495882355,63178.8823998022,0,0,19102.9684159287,126053693.925837,"Quantile",0,0,0,0,10,"Hard Rock",20.4,1.73,0.265,33544.9646459407,44431.0878751503,47574.1257140167,""
144,"Portugal","Alvarroes","Hard Rock",40.48,-7.34,"Producing","Open",NA,NA,NA,TRUE,0,0,0,0,52478.0823262518,58002.1220575409,63563.048834683,0.38,0.095,19102.9684159287,0,"Quantile",0.38,0.38,0.38,0.38,3,"Hard Rock",23.5,1.64,0.21,34085.6738306985,41078.1291867607,48117.2770059279,""
145,"Brazil","Cachoeira","Hard Rock",-16.78,-41.91,"Producing","Open",NA,NA,NA,TRUE,0,0,0,0,61666.157585087,66853.3390145962,70924.4236503375,1.07082472290062,0.267706180725155,19102.9684159287,0,"Quantile",0.124295237463518,0.231576678163969,1.07082472290062,1.07082472290062,3,"Hard Rock",40.9,2.83,0.34,34961.2236137682,42820.5894160549,48988.8994702083,""
146,"Canada","McCombe","Hard Rock",50.93,-91.71,"No info","No Info",NA,NA,0.469170013386881,FALSE,0,0,0,0,53258.1944513973,59483.7107486988,63560.50501541,0,0,19102.9684159287,126053693.925837,"Quantile",0,0,0,0,10,"Hard Rock",20.4,1.73,0.265,34076.5910903365,42546.6812907466,48093.3401570204,""
147,"Canada","Thor/Echo","Hard Rock",62.45,-112.21,"No info","No Info",NA,NA,NA,FALSE,0,0,0,0,53210.4444711582,58048.1422037181,63556.9242140288,0,0,19102.9684159287,126053693.925837,"Quantile",0,0,0,0,10,"Hard Rock",20.4,1.73,0.265,34011.6251308275,40593.5268077798,48088.4683184065,""
148,"Australia","Finniss","Hard Rock",-12.68,130.77,"Producing","Open",0.603882195448461,0.696787148594378,0.62710843373494,TRUE,45.4769745649264,0,0,45.4769745649264,60431.5419396522,64106.8791755426,65993.04237624,4.34397895923351,1.08599473980838,19102.9684159287,0,"Regression",2.55062839540993,2.93646642577315,4.34397895923351,3.78170204771745,3,"Hard Rock",18.8,1.57,0.3,33100.7741995032,38351.2559650608,41045.7748232,""
149,"Canada","Tanco/Bernic Lake","Hard Rock",50.43,-95.44,"Producing","Open",NA,NA,NA,TRUE,0,0,0,0,55173.6675071476,63506.9724603568,65473.7489267904,6.96881457824535,1.74220364456134,19102.9684159287,0,"Quantile",0.183226976382712,1.19802253788697,3.06631598722525,6.96881457824535,3,"Hard Rock",20.4,1.73,0.265,36682.6768804729,48020.5067487847,50696.393097674,""
150,"China","Ningdu","Hard Rock",24.43,115.87,"No info","No Info",NA,NA,NA,FALSE,0,0,0,0,58109.1378787651,62479.1937155735,68619.3085241179,0,0,19102.9684159287,126053693.925837,"Quantile",0,0,0,0,10,"Hard Rock",22.1,2.94,0.25,34894.8505050201,40721.5916207647,48908.4113654906,""
151,"Canada","Raleigh Lake","Hard Rock",49.41,-91.94,"No info","No Info",NA,0.30746039256675,0.269424364123159,FALSE,0,6.824,0,6.824,54540.8035475821,61908.066392885,62989.1607437279,0.3412,0.0853,19102.9684159287,126053693.925837,"Quantile",0,0,0,0,10,"Hard Rock",20.4,1.73,0.265,35821.6374797035,45845.1243440612,47316.0010118747,""
152,"China","Baishuidong","Hard Rock",28.36,114.58,"Producing","Open",NA,0.155727622890368,0.176519410977242,TRUE,0,10.9023962516734,0,10.9023962516734,60210.81072609,69796.5279382753,70736.1019428346,0.545119812583668,0.136279953145917,19102.9684159287,0,"Quantile",0,0,0,0,3,"Hard Rock",22.1,2.94,0.25,37697.08096812,50478.0372510337,51730.8025904461,""
153,"Brazil","Grota do Cirilo (Lavra)","Hard Rock",-16.74,-41.9,"No info","No Info",NA,0.512093663168078,0.404136546184739,FALSE,0,11.1783974011911,0,11.1783974011911,63633.2786011978,69079.4324250593,71834.7794803455,0.558919870059556,0.139729967514889,19102.9684159287,126053693.925837,"Quantile",0,0,0,0,10,"Hard Rock",40.9,2.83,0.34,37941.7100018149,46193.4582197868,50368.226485372,""
154,"Portugal","Barroso","Hard Rock",40.431158,-7.340508,"No info","No Info",NA,NA,NA,FALSE,0,0,0,0,52084.9740743371,56822.2684840301,63152.51232275,0,0,19102.9684159287,126053693.925837,"Quantile",0,0,0,0,10,"Hard Rock",23.5,1.64,0.21,33588.068448528,39584.6436506711,47597.6105351266,""
155,"Canada","Nama Creek","Hard Rock",49.44,-88.04,"No info","No Info",NA,NA,NA,FALSE,0,0,0,0,54156.0592699611,64120.4088575987,64487.1523123627,0,0,19102.9684159287,126053693.925837,"Quantile",0,0,0,0,10,"Hard Rock",20.4,1.73,0.265,35298.175877498,48855.1140919711,49354.0847787247,""
156,"Canada","Violet/Herb Lake","Hard Rock",54.86,-99.71,"No info","No Info",NA,NA,NA,FALSE,0,0,0,0,53888.4457748158,57660.8005631831,64233.7390810774,0,0,19102.9684159287,126053693.925837,"Quantile",0,0,0,0,10,"Hard Rock",20.4,1.73,0.265,34934.0758841031,40066.5313784804,49009.3048722142,""
157,"Canada","Moose 2","Hard Rock",62.18,-112.22,"No info","No Info",NA,NA,NA,FALSE,0,0,0,0,53678.0098388635,60463.1809222756,63976.4885151847,0,0,19102.9684159287,126053693.925837,"Quantile",0,0,0,0,10,"Hard Rock",20.4,1.73,0.265,34647.7684882496,43879.2937718035,48659.3041022921,""
158,"Portugal","C 57 Portugal (Sociedade Mineira de Pegmatites)","Hard Rock",40.48,-7.3,"Producing","Open",NA,NA,NA,TRUE,0,0,0,0,53843.0230051226,59425.0510245114,64923.1625855224,0,0,19102.9684159287,0,"Quantile",0,0,0,0,3,"Hard Rock",23.5,1.64,0.21,35813.4468419273,42879.3050943182,49838.9399816739,""
159,"Canada","Sirmac","Hard Rock",50.68,-74.29,"Evaluation","Evaluation",NA,NA,NA,FALSE,0,1.75094160391252,0,1.75094160391252,41855.9355344066,47076.3684436499,52152.8948339454,0.0875470801956261,0.0218867700489065,19102.9684159287,126053693.925837,"Report",0,0,0,0,8,"Hard Rock",20.4,1.73,0.265,18563.3136522539,25665.9434607482,32572.7820870005,""
160,"Canada","Niemi Lake","Hard Rock",49.3,-87.9,"No info","No Info",NA,NA,NA,FALSE,0,0,0,0,55004.7237745057,60260.6888885265,65303.8104080161,0,0,19102.9684159287,126053693.925837,"Quantile",0,0,0,0,10,"Hard Rock",20.4,1.73,0.265,36452.8214619125,43603.7944061585,50465.1842285933,""
