"Powertrain","Year","Country","chemistry","MWh","chem_share_mwh"
"BEV","2022","Algeria","NMC 622",0.0533,1
"BEV","2022","Argentina","NMC 111",0.0879378493677547,0.0191102767228257
"BEV","2022","Argentina","LFP",0.0856,0.0186022253129346
"BEV","2022","Argentina","NMC 622",3.10805222238763,0.675428594920818
"BEV","2022","Argentina","NMC 532",0.946682942463436,0.205729081724495
"BEV","2022","Argentina","NMC 811",0.373326985781175,0.0811298213189272
"BEV","2022","Australia","NMC 111",36.3912453361362,0.0156407970130135
"BEV","2022","Australia","LFP",579.6009,0.249109914808496
"BEV","2022","Australia","NMC 622",448.55261648532,0.192785939565977
"BEV","2022","Australia","NMC 532",192.154049492434,0.0825869644080396
"BEV","2022","Australia","NMC 811",162.89358868611,0.0700109471887414
"BEV","2022","Australia","NMC 721",0.075,3.22346697712808e-05
"BEV","2022","Australia","NMCA 89:4:4:3",906.72,0.389704263666877
"BEV","2022","Australia","NCA",0.3,0.000128938679085123
"BEV","2022","Austria","NMC 111",55.3277729363775,0.0219936794690209
"BEV","2022","Austria","LFP",20.4602,0.00813325852080688
"BEV","2022","Austria","NMC 622",609.835018614654,0.242419226666116
"BEV","2022","Austria","NMC 532",389.438724354536,0.154808155501349
"BEV","2022","Austria","NMC 811",264.313784094432,0.105068979611771
"BEV","2022","Austria","NMC 721",785.286,0.312163813196858
"BEV","2022","Austria","NMCA 89:4:4:3",390.96,0.155412887034079
"BEV","2022","Azerbaijan","NMC 622",0.27,0.529411764705882
"BEV","2022","Azerbaijan","NMC 811",0.24,0.470588235294118
"BEV","2022","Bahamas, The","LFP",6.6603,0.854377525495478
"BEV","2022","Bahamas, The","NMC 532",1.1352,0.145622474504522
"BEV","2022","Bahrain","NMC 111",0.320275230752878,0.0314294211900413
"BEV","2022","Bahrain","NMC 622",5.40180607026735,0.530092938408815
"BEV","2022","Bahrain","NMC 532",2.03653811346405,0.199850653411975
"BEV","2022","Bahrain","NMC 811",2.43168058551572,0.238626986989169
"BEV","2022","Belarus","NMC 111",0.0320725706027417,0.0341379144254834
"BEV","2022","Belarus","NMC 622",0.663062336520165,0.705760869100762
"BEV","2022","Belarus","NMC 532",0.108205791785907,0.115173807116452
"BEV","2022","Belarus","NMC 811",0.136159301091186,0.144927409357303
"BEV","2022","Belgium","NMC 111",88.9857944402203,0.030456448861524
"BEV","2022","Belgium","LMO",0.0122,4.17559542450575e-06
"BEV","2022","Belgium","LFP",42.0637,0.0143968027260477
"BEV","2022","Belgium","NMC 622",952.753947313127,0.326091395334466
"BEV","2022","Belgium","NMC 532",521.338478411545,0.178434308612626
"BEV","2022","Belgium","NMC 811",468.723879835108,0.160426335081644
"BEV","2022","Belgium","NMC 721",504.321,0.172609873777227
"BEV","2022","Belgium","NMCA 89:4:4:3",321.04,0.109879766810109
"BEV","2022","Belgium","NCA",22.5,0.00770089320093273
"BEV","2022","Bhutan","NMC 622",0.618,1
"BEV","2022","Bolivia","LFP",3.3032,1
"BEV","2022","Bosnia and Herzegovina","NMC 111",0.135015687918169,0.0194356664821456
"BEV","2022","Bosnia and Herzegovina","NMC 622",2.6240822000295,0.377739707495465
"BEV","2022","Bosnia and Herzegovina","NMC 532",1.80551320459033,0.259905741433513
"BEV","2022","Bosnia and Herzegovina","NMC 811",0.573188907462006,0.0825112148704449
"BEV","2022","Bosnia and Herzegovina","NMC 721",1.809,0.260407669718431
"BEV","2022","Brazil","NMC 111",19.0542158518951,0.0386381687246387
"BEV","2022","Brazil","LFP",67.4814,0.136838888529517
"BEV","2022","Brazil","NMC 622",221.957731759426,0.45008623582932
"BEV","2022","Brazil","NMC 532",97.1857291117237,0.197073373590042
"BEV","2022","Brazil","NMC 811",81.0118232769549,0.164275902025865
"BEV","2022","Brazil","NCA",6.454,0.0130874313006177
"BEV","2022","Bulgaria","NMC 111",1.63862601766324,0.02470619480981
"BEV","2022","Bulgaria","LFP",0.3156,0.00475842260401511
"BEV","2022","Bulgaria","NMC 622",23.4373689225949,0.353374227059305
"BEV","2022","Bulgaria","NMC 532",9.57836340680098,0.14441666965904
"BEV","2022","Bulgaria","NMC 811",14.6095416529409,0.220273679453911
"BEV","2022","Bulgaria","NMC 721",9.945,0.149944590611313
"BEV","2022","Bulgaria","NMCA 89:4:4:3",6.8,0.102526215802607
"BEV","2022","Cambodia","LFP",5.3263,0.967310171984817
"BEV","2022","Cambodia","NMC 622",0.18,0.0326898280151826
"BEV","2022","Canada","NMC 111",115.723062785766,0.0182676169763117
"BEV","2022","Canada","LFP",358.435,0.0565812305108613
"BEV","2022","Canada","NMC 622",1734.7204489116,0.273836588479841
"BEV","2022","Canada","NMC 532",390.424135056812,0.0616309176912218
"BEV","2022","Canada","NMC 811",683.761953245823,0.107936146557001
"BEV","2022","Canada","NMC 721",148.056,0.0233715755004843
"BEV","2022","Canada","NCA",2903.754,0.458375924284279
"BEV","2022","Chile","NMC 111",1.12482407107954,0.0108133182379469
"BEV","2022","Chile","LFP",6.6068,0.0635134264737974
"BEV","2022","Chile","NMC 622",20.8792948229431,0.200719797263688
"BEV","2022","Chile","NMC 532",66.0909087629603,0.635354494506075
"BEV","2022","Chile","NMC 811",4.775272343017,0.0459063251272278
"BEV","2022","Chile","NCA",4.545,0.0436926383912649
"BEV","2022","China","NMC 111",5307.64684703274,0.0216041060138395
"BEV","2022","China","LFP",111002.32916,0.451820958716653
"BEV","2022","China","NMC 622",41151.2532605941,0.167500978054192
"BEV","2022","China","NMC 532",29057.0823222862,0.118273183019793
"BEV","2022","China","NMC 811",42441.535810087,0.172752910179751
"BEV","2022","China","NMC 721",9713.922,0.0395392924108151
"BEV","2022","China","NMCA 89:4:4:3",7003.92,0.0285085716049558
"BEV","2022","Colombia","NMC 111",3.52932150268085,0.0259890935476546
"BEV","2022","Colombia","LFP",44.2648,0.325955577352299
"BEV","2022","Colombia","NMC 622",43.6434182739948,0.321379868453667
"BEV","2022","Colombia","NMC 532",22.8843536982434,0.168514998871454
"BEV","2022","Colombia","NMC 811",20.821206525081,0.15332246828302
"BEV","2022","Colombia","NCA",0.657,0.00483799349190464
"BEV","2022","Costa Rica","NMC 111",0.917751373401658,0.00913483578124659
"BEV","2022","Costa Rica","LFP",51.029,0.507917011721238
"BEV","2022","Costa Rica","NMC 622",23.3191813754637,0.232107407944719
"BEV","2022","Costa Rica","NMC 532",14.6046910722548,0.145367752582482
"BEV","2022","Costa Rica","NMC 811",6.2395761788799,0.0621056044050188
"BEV","2022","Costa Rica","NCA",4.357,0.0433673875652949
"BEV","2022","Croatia","NMC 111",1.30175299369636,0.0159088719630087
"BEV","2022","Croatia","LFP",4.773,0.0583313779550654
"BEV","2022","Croatia","NMC 622",17.5696213939028,0.214720349058276
"BEV","2022","Croatia","NMC 532",23.2328279933741,0.283931043504406
"BEV","2022","Croatia","NMC 811",5.81939761902666,0.071119522729154
"BEV","2022","Croatia","NMC 721",18.409,0.224978490839053
"BEV","2022","Croatia","NMCA 89:4:4:3",10.72,0.131010343951037
"BEV","2022","Cyprus","NMC 111",0.465550334430618,0.0211394706590723
"BEV","2022","Cyprus","NMC 622",9.8791610295754,0.448587873911374
"BEV","2022","Cyprus","NMC 532",6.89866432800844,0.313251009318
"BEV","2022","Cyprus","NMC 811",1.97642430798554,0.0897444606492151
"BEV","2022","Cyprus","NMC 721",2.643,0.120011987576512
"BEV","2022","Cyprus","NMCA 89:4:4:3",0.16,0.00726519788582742
"BEV","2022","Czechia","NMC 111",5.37219681665338,0.018582441400707
"BEV","2022","Czechia","LFP",3.4768,0.0120262593622222
"BEV","2022","Czechia","NMC 622",67.2802359082132,0.232722493955266
"BEV","2022","Czechia","NMC 532",32.7996092611614,0.113453925435537
"BEV","2022","Czechia","NMC 811",30.6628580139719,0.106062897855218
"BEV","2022","Czechia","NMC 721",129.349,0.447418494662932
"BEV","2022","Czechia","NMCA 89:4:4:3",20.16,0.0697334873281178
"BEV","2022","Denmark","NMC 111",60.8849691622563,0.0256106823340618
"BEV","2022","Denmark","LFP",32.0612,0.0134862383893239
"BEV","2022","Denmark","NMC 622",600.369720518566,0.252539804269495
"BEV","2022","Denmark","NMC 532",336.841580891048,0.141689202504379
"BEV","2022","Denmark","NMC 811",320.65262942813,0.134879474275177
"BEV","2022","Denmark","NMC 721",805.297,0.338740512401512
"BEV","2022","Denmark","NMCA 89:4:4:3",215.52,0.0906564351199294
"BEV","2022","Denmark","NCA",5.7,0.00239765070612286
"BEV","2022","Dominican Republic","NMC 111",0.0510750135216757,0.00496404057942227
"BEV","2022","Dominican Republic","LFP",4.6254,0.449548061036058
"BEV","2022","Dominican Republic","NMC 622",0.417977805932212,0.0406237540997388
"BEV","2022","Dominican Republic","NMC 532",1.02371585042068,0.0994961464107962
"BEV","2022","Dominican Republic","NMC 811",0.21683133012543,0.0210740917606599
"BEV","2022","Dominican Republic","NCA",3.954,0.384293906113325
"BEV","2022","Ecuador","NMC 111",0.665903971323472,0.0411526868251298
"BEV","2022","Ecuador","LFP",0.8782,0.0542725244572439
"BEV","2022","Ecuador","NMC 622",6.47268693711918,0.400010316669191
"BEV","2022","Ecuador","NMC 532",4.65951338696302,0.287956677582334
"BEV","2022","Ecuador","NMC 811",3.06699570459433,0.189539511942448
"BEV","2022","Ecuador","NCA",0.438,0.0270682825236538
"BEV","2022","Egypt, Arab Rep.","NMC 111",0.0675205334034376,0.0258679539512059
"BEV","2022","Egypt, Arab Rep.","NMC 622",1.28423172804107,0.49200510613787
"BEV","2022","Egypt, Arab Rep.","NMC 532",0.971799413686571,0.372308410729665
"BEV","2022","Egypt, Arab Rep.","NMC 811",0.286648324868923,0.109818529181259
"BEV","2022","Estonia","NMC 111",1.53018837094287,0.0282824042433701
"BEV","2022","Estonia","LFP",0.8728,0.0161319239463329
"BEV","2022","Estonia","NMC 622",23.4592071236896,0.433595491705581
"BEV","2022","Estonia","NMC 532",7.07551866151653,0.130776499688868
"BEV","2022","Estonia","NMC 811",10.960185843851,0.20257663206998
"BEV","2022","Estonia","NMC 721",9.806,0.181243865968997
"BEV","2022","Estonia","NMCA 89:4:4:3",0.4,0.00739318237687117
"BEV","2022","Ethiopia","NMC 111",0.042509638583258,0.00145401691692632
"BEV","2022","Ethiopia","NMC 622",28.8696038881672,0.987467638807196
"BEV","2022","Ethiopia","NMC 532",0.143418161219698,0.00490553294635717
"BEV","2022","Ethiopia","NMC 811",0.180468312029861,0.00617281132952049
"BEV","2022","Fiji","NMC 622",3.968,1
"BEV","2022","Finland","NMC 111",29.1884629323664,0.0271193059882808
"BEV","2022","Finland","LFP",8.345,0.00775342672194131
"BEV","2022","Finland","NMC 622",320.759236186377,0.29802075891635
"BEV","2022","Finland","NMC 532",161.322347500934,0.149886279204319
"BEV","2022","Finland","NMC 811",159.739253380322,0.148415409910359
"BEV","2022","Finland","NMC 721",270.084,0.25093786731801
"BEV","2022","Finland","NMCA 89:4:4:3",109.76,0.101979163211537
"BEV","2022","Finland","NCA",17.1,0.0158877887292027
"BEV","2022","France","NMC 111",266.721607099856,0.0230048036900766
"BEV","2022","France","LFP",633.382,0.0546293520396082
"BEV","2022","France","NMC 622",3609.89682789637,0.311354482188973
"BEV","2022","France","NMC 532",3409.11897817656,0.294037343662619
"BEV","2022","France","NMC 811",1193.95868682721,0.102979228054211
"BEV","2022","France","NMC 721",1035.932,0.0893493877582493
"BEV","2022","France","NMCA 89:4:4:3",1414.96,0.12204064523773
"BEV","2022","France","NCA",30.2,0.002604757368533
"BEV","2022","Georgia","NMC 111",0.188273285868597,0.045308101715502
"BEV","2022","Georgia","NMC 622",2.5326480264885,0.609483569930333
"BEV","2022","Georgia","NMC 532",0.635192614333332,0.1528595596894
"BEV","2022","Georgia","NMC 811",0.799286073309567,0.192348768664766
"BEV","2022","Germany","NMC 111",699.280988254474,0.0234014983250774
"BEV","2022","Germany","LMO",0.5978,2.00054283381152e-05
"BEV","2022","Germany","LFP",895.189,0.0299575767624106
"BEV","2022","Germany","NMC 622",8854.28483083183,0.296309402255716
"BEV","2022","Germany","NMC 532",5283.65509346012,0.176817971454557
"BEV","2022","Germany","NMC 811",3648.01583745357,0.122081163286194
"BEV","2022","Germany","NMC 721",6179.826,0.206808407803649
"BEV","2022","Germany","NMCA 89:4:4:3",4251.44,0.14227480470692
"BEV","2022","Germany","NCA",69.6,0.00232916997713754
"BEV","2022","Ghana","NMC 111",0.0465575713319324,0.00460619448058218
"BEV","2022","Ghana","LFP",1.0388,0.102774150144446
"BEV","2022","Ghana","NMC 622",7.09951422856281,0.702393666999367
"BEV","2022","Ghana","NMC 532",1.72507499507913,0.170671078701089
"BEV","2022","Ghana","NMC 811",0.197653205026137,0.0195549096745159
"BEV","2022","Greece","NMC 111",5.42729438403502,0.0261502165047004
"BEV","2022","Greece","LFP",6.7027,0.032295476118202
"BEV","2022","Greece","NMC 622",56.4427427984884,0.27195686098056
"BEV","2022","Greece","NMC 532",36.0964963226587,0.173922976552612
"BEV","2022","Greece","NMC 811",24.1517664948178,0.116369940180193
"BEV","2022","Greece","NMC 721",39.802,0.191777125704071
"BEV","2022","Greece","NMCA 89:4:4:3",38.72,0.186563748235305
"BEV","2022","Greece","NCA",0.2,0.000963655724355917
"BEV","2022","Hungary","NMC 111",9.40752894708506,0.0281001768508575
"BEV","2022","Hungary","LFP",13.2456,0.03956444934576
"BEV","2022","Hungary","NMC 622",119.9750826737,0.358364142145088
"BEV","2022","Hungary","NMC 532",76.6969314089204,0.229092820083912
"BEV","2022","Hungary","NMC 811",44.6532569702943,0.133378746415747
"BEV","2022","Hungary","NMC 721",42.167,0.125952326475408
"BEV","2022","Hungary","NMCA 89:4:4:3",28.64,0.0855473386832281
"BEV","2022","Iceland","NMC 111",13.5427016256878,0.0268295034474934
"BEV","2022","Iceland","LFP",7.3643,0.0145894458653364
"BEV","2022","Iceland","NMC 622",172.373390750262,0.341489653188412
"BEV","2022","Iceland","NMC 532",90.8770935842844,0.180036994316775
"BEV","2022","Iceland","NMC 811",63.0265140397663,0.124862093432375
"BEV","2022","Iceland","NMC 721",58.985,0.116855432881179
"BEV","2022","Iceland","NMCA 89:4:4:3",96,0.190186005875955
"BEV","2022","Iceland","NCA",2.6,0.00515087099247379
"BEV","2022","India","NMC 111",80.3587805258569,0.0491261937099525
"BEV","2022","India","LFP",13.2333,0.00808998910844264
"BEV","2022","India","NMC 622",647.918303910255,0.396095608940672
"BEV","2022","India","NMC 532",549.740832876793,0.336076213071527
"BEV","2022","India","NMC 811",344.511182687096,0.210611995169406
"BEV","2022","Indonesia","NMC 111",9.6373411290439,0.0243777744111077
"BEV","2022","Indonesia","LFP",216.0478,0.546495600798415
"BEV","2022","Indonesia","NMC 622",87.1798015443425,0.220522393759446
"BEV","2022","Indonesia","NMC 532",32.5142671130307,0.0822452436009802
"BEV","2022","Indonesia","NMC 811",40.9138902135829,0.103492194844254
"BEV","2022","Indonesia","NMCA 89:4:4:3",9.04,0.0228667925857966
"BEV","2022","Iraq","NMC 622",0.36,0.743801652892562
"BEV","2022","Iraq","NMC 532",0.124,0.256198347107438
"BEV","2022","Ireland","NMC 111",24.8548590676903,0.0220211236247376
"BEV","2022","Ireland","LFP",31.065,0.0275232381539327
"BEV","2022","Ireland","NMC 622",348.485332348259,0.308754057472189
"BEV","2022","Ireland","NMC 532",166.638822192414,0.14764010909038
"BEV","2022","Ireland","NMC 811",120.377586391636,0.106653178131422
"BEV","2022","Ireland","NMC 721",374.541,0.331839083901887
"BEV","2022","Ireland","NMCA 89:4:4:3",62.72,0.0555692096254518
"BEV","2022","Israel","NMC 111",51.3401087036586,0.0286650648938837
"BEV","2022","Israel","LFP",332.8277,0.18582990686777
"BEV","2022","Israel","NMC 622",440.550716030033,0.245975616003086
"BEV","2022","Israel","NMC 532",215.012823198605,0.120049541881199
"BEV","2022","Israel","NMC 811",251.356752067703,0.140341689791224
"BEV","2022","Israel","NMC 721",98.426,0.0549548442433341
"BEV","2022","Israel","NMCA 89:4:4:3",372.72,0.208103240468733
"BEV","2022","Israel","NCA",28.8,0.0160800958507714
"BEV","2022","Italy","NMC 111",71.338000463769,0.0247892146949222
"BEV","2022","Italy","LFP",65.3343,0.0227029911003043
"BEV","2022","Italy","NMC 622",912.450582222692,0.317067106369385
"BEV","2022","Italy","NMC 532",671.418107055232,0.233310823090752
"BEV","2022","Italy","NMC 811",325.869810258307,0.113236376637573
"BEV","2022","Italy","NMC 721",428.333,0.148841271536799
"BEV","2022","Italy","NMCA 89:4:4:3",401.84,0.139635229025891
"BEV","2022","Italy","NCA",1.2,0.000416987544373556
"BEV","2022","Jamaica","LFP",1.5157,0.808071653249454
"BEV","2022","Jamaica","NMC 622",0.36,0.191928346750546
"BEV","2022","Japan","NMC 111",108.406995367532,0.0385739529778033
"BEV","2022","Japan","LFP",14.6558,0.00521490461141777
"BEV","2022","Japan","NMC 622",1560.4659869077,0.555253297062292
"BEV","2022","Japan","NMC 532",404.091334368509,0.14378592523317
"BEV","2022","Japan","NMC 811",472.85768335626,0.168254732834706
"BEV","2022","Japan","NMC 721",23.7,0.00843305990055821
"BEV","2022","Japan","NMCA 89:4:4:3",159.76,0.0568466518866321
"BEV","2022","Japan","NCA",66.43,0.0236374754934212
"BEV","2022","Jordan","NMC 111",0.957697744225567,0.00930219976344332
"BEV","2022","Jordan","LFP",3.7216,0.0361482177945663
"BEV","2022","Jordan","NMC 622",26.4777784023145,0.257180916918296
"BEV","2022","Jordan","NMC 532",11.2910613324099,0.109671040459952
"BEV","2022","Jordan","NMC 811",6.50576252105005,0.0631910255080192
"BEV","2022","Jordan","NMCA 89:4:4:3",54,0.524506599555723
"BEV","2022","Kazakhstan","NMC 111",0.294807515935983,0.0413910166284286
"BEV","2022","Kazakhstan","NMC 622",4.43151562144599,0.622185415436433
"BEV","2022","Kazakhstan","NMC 532",0.99461565090646,0.139644177031444
"BEV","2022","Kazakhstan","NMC 811",1.25156121171157,0.175719369843674
"BEV","2022","Kazakhstan","NMC 721",0.15,0.0210600210600211
"BEV","2022","Kenya","LFP",0.1509,0.0429315201001451
"BEV","2022","Kenya","NMC 622",3.364,0.957068479899855
"BEV","2022","Korea, Rep.","NMC 111",593.492393109644,0.0520905228780861
"BEV","2022","Korea, Rep.","LMO",0.1037,9.10169580127977e-06
"BEV","2022","Korea, Rep.","LFP",139.7,0.0122613973330645
"BEV","2022","Korea, Rep.","NMC 622",4595.92526135783,0.403382002452229
"BEV","2022","Korea, Rep.","NMC 532",2040.36266494903,0.179081584384326
"BEV","2022","Korea, Rep.","NMC 811",2809.1031805835,0.246553545073081
"BEV","2022","Korea, Rep.","NMC 721",244.575,0.0214662222815622
"BEV","2022","Korea, Rep.","NCA",970.219,0.0851556239018501
"BEV","2022","Kuwait","NMC 111",0.130066804620416,0.0210832530344966
"BEV","2022","Kuwait","NMC 622",4.27213726976526,0.692494532478321
"BEV","2022","Kuwait","NMC 532",0.438816761940868,0.07113025383208
"BEV","2022","Kuwait","NMC 811",1.32817916367346,0.215291960655102
"BEV","2022","Lao PDR","NMC 111",0.152082990573238,0.00944591380172158
"BEV","2022","Lao PDR","LFP",13.7034,0.851121711261832
"BEV","2022","Lao PDR","NMC 622",1.08617689542797,0.0674627273501258
"BEV","2022","Lao PDR","NMC 532",0.513094526035249,0.0318684334572588
"BEV","2022","Lao PDR","NMC 811",0.645645587963548,0.0401012141290619
"BEV","2022","Latvia","NMC 111",1.15900943416709,0.0225503133313699
"BEV","2022","Latvia","NMC 622",17.5469467258453,0.341402869564238
"BEV","2022","Latvia","NMC 532",9.21124265141581,0.179218910422398
"BEV","2022","Latvia","NMC 811",5.66440118857176,0.110209647886665
"BEV","2022","Latvia","NMC 721",16.295,0.317044318106645
"BEV","2022","Latvia","NMCA 89:4:4:3",1.52,0.0295739406886837
"BEV","2022","Lebanon","NMC 111",0.378304059780113,0.023144374550645
"BEV","2022","Lebanon","NMC 622",9.61974803462213,0.588529374296263
"BEV","2022","Lebanon","NMC 532",3.32231460637679,0.2032568555298
"BEV","2022","Lebanon","NMC 811",3.02503329922096,0.185069395623292
"BEV","2022","Lithuania","NMC 111",1.90250301298827,0.0234794302373643
"BEV","2022","Lithuania","LFP",1.265,0.0156117909130738
"BEV","2022","Lithuania","NMC 622",35.9365787298894,0.443505417598615
"BEV","2022","Lithuania","NMC 532",15.6686262911483,0.19337179253162
"BEV","2022","Lithuania","NMC 811",8.66879196597403,0.106984480349186
"BEV","2022","Lithuania","NMC 721",16.147,0.199275563536287
"BEV","2022","Lithuania","NMCA 89:4:4:3",1.44,0.0177715248338548
"BEV","2022","Luxembourg","NMC 111",10.7942821837814,0.0259174279552789
"BEV","2022","Luxembourg","LMO",0.0061,1.4646301424725e-05
"BEV","2022","Luxembourg","LFP",4.4228,0.0106192888428317
"BEV","2022","Luxembourg","NMC 622",122.391075901898,0.293865014648457
"BEV","2022","Luxembourg","NMC 532",93.9986315076468,0.225693818126663
"BEV","2022","Luxembourg","NMC 811",59.4385104066738,0.14271382617259
"BEV","2022","Luxembourg","NMC 721",70.296,0.168783017205322
"BEV","2022","Luxembourg","NMCA 89:4:4:3",52.64,0.126390378196315
"BEV","2022","Luxembourg","NCA",2.5,0.00600258255111679
"BEV","2022","Macedonia, FYR","NMC 111",0.04959034853235,0.0112700214836485
"BEV","2022","Macedonia, FYR","NMC 622",1.29877432685294,0.295162566895355
"BEV","2022","Macedonia, FYR","NMC 532",2.19130691762585,0.498001663021191
"BEV","2022","Macedonia, FYR","NMC 811",0.210528406988865,0.0478451904433582
"BEV","2022","Macedonia, FYR","NMC 721",0.65,0.147720558156447
"BEV","2022","Malaysia","NMC 111",5.19335178793922,0.0468690794946029
"BEV","2022","Malaysia","LFP",1.0994,0.009921890158882
"BEV","2022","Malaysia","NMC 622",47.3209245052794,0.427062957211325
"BEV","2022","Malaysia","NMC 532",17.5592255106449,0.15846889830058
"BEV","2022","Malaysia","NMC 811",22.0475981961364,0.198975666335484
"BEV","2022","Malaysia","NMCA 89:4:4:3",17.585,0.158701508499127
"BEV","2022","Malta","NMC 111",0.156264162487621,0.014706108009526
"BEV","2022","Malta","NMC 622",3.88993883009993,0.366084325895456
"BEV","2022","Malta","NMC 532",3.31120087950447,0.311618972642481
"BEV","2022","Malta","NMC 811",0.663396127907977,0.0624325818204726
"BEV","2022","Malta","NMC 721",2.045,0.192456097423253
"BEV","2022","Malta","NMCA 89:4:4:3",0.56,0.0527019142088125
"BEV","2022","Mauritius","NMC 111",0.227864352250616,0.024304493914992
"BEV","2022","Mauritius","NMC 622",5.30340746860242,0.565672661284043
"BEV","2022","Mauritius","NMC 532",2.87676415552899,0.306841751341702
"BEV","2022","Mauritius","NMC 811",0.967364023617975,0.103181093459263
"BEV","2022","Mexico","NMC 111",9.83230251630625,0.0193212965077443
"BEV","2022","Mexico","LFP",59.575,0.117069855971162
"BEV","2022","Mexico","NMC 622",118.888783945296,0.233626400554971
"BEV","2022","Mexico","NMC 532",33.6668300367793,0.0661581358524775
"BEV","2022","Mexico","NMC 811",45.1462835016183,0.0887162216897642
"BEV","2022","Mexico","NCA",241.775,0.475108089423881
"BEV","2022","Moldova","NMC 111",0.0755212280681374,0.0354443272483866
"BEV","2022","Moldova","NMC 622",1.10477269863492,0.518502228673638
"BEV","2022","Moldova","NMC 532",0.254791995969861,0.119581356347614
"BEV","2022","Moldova","NMC 811",0.32061407732708,0.150473589584212
"BEV","2022","Moldova","NMC 721",0.375,0.175998498146149
"BEV","2022","Mongolia","NMC 111",0.51696796294983,0.033927793175289
"BEV","2022","Mongolia","LFP",7.0893,0.465259593235022
"BEV","2022","Mongolia","NMC 622",3.69218579221822,0.242312338289475
"BEV","2022","Mongolia","NMC 532",1.74413608599717,0.114464904280756
"BEV","2022","Mongolia","NMC 811",2.19471015883479,0.144035371019458
"BEV","2022","Morocco","NMC 111",0.78813504405578,0.04207740510479
"BEV","2022","Morocco","NMC 622",11.9375614006327,0.637329364816542
"BEV","2022","Morocco","NMC 532",2.65899411470891,0.141959900628325
"BEV","2022","Morocco","NMC 811",3.34590944060258,0.178633329450342
"BEV","2022","Nepal","NMC 111",0.303924881703765,0.011155703908169
"BEV","2022","Nepal","LFP",5.5637,0.204218191962237
"BEV","2022","Nepal","NMC 622",10.7696318583559,0.395304338158482
"BEV","2022","Nepal","NMC 532",8.30937563563373,0.304999491101998
"BEV","2022","Nepal","NMC 811",2.29726762430663,0.084322274869113
"BEV","2022","Netherlands","NMC 111",140.871758626899,0.0270907577182645
"BEV","2022","Netherlands","LMO",0.0061,1.17307843454337e-06
"BEV","2022","Netherlands","LFP",35.4946,0.00682589341028574
"BEV","2022","Netherlands","NMC 622",1392.15816383729,0.267723068765741
"BEV","2022","Netherlands","NMC 532",1284.10829782869,0.246944221606726
"BEV","2022","Netherlands","NMC 811",696.374379707119,0.133918322492285
"BEV","2022","Netherlands","NMC 721",1279.88,0.246131086361207
"BEV","2022","Netherlands","NMCA 89:4:4:3",357.2,0.0686923961998182
"BEV","2022","Netherlands","NCA",13.9,0.00267308036723817
"BEV","2022","New Zealand","NMC 111",16.0173716845624,0.0144124800565962
"BEV","2022","New Zealand","LFP",191.6994,0.172491706740146
"BEV","2022","New Zealand","NMC 622",237.004087186855,0.213257002907943
"BEV","2022","New Zealand","NMC 532",149.135085514058,0.134192206314457
"BEV","2022","New Zealand","NMC 811",69.0793556145243,0.0621578155719776
"BEV","2022","New Zealand","NMC 721",1.539,0.00138479690950042
"BEV","2022","New Zealand","NMCA 89:4:4:3",446.88,0.402103991499381
"BEV","2022","Nigeria","NMC 622",42.411,0.988878007834359
"BEV","2022","Nigeria","NMC 811",0.477,0.0111219921656407
"BEV","2022","Norway","NMC 111",294.523024938306,0.0267930090048863
"BEV","2022","Norway","LFP",396.6658,0.0360850237551263
"BEV","2022","Norway","NMC 622",3114.54488640994,0.283332785968717
"BEV","2022","Norway","NMC 532",1612.22564091677,0.146665531919075
"BEV","2022","Norway","NMC 811",1799.90124773498,0.163738540810421
"BEV","2022","Norway","NMC 721",2209.592,0.201008455503693
"BEV","2022","Norway","NMCA 89:4:4:3",1487.68,0.135335509489415
"BEV","2022","Norway","NCA",77.4,0.00704114354866685
"BEV","2022","Oman","NMC 111",0.33602917591739,0.0272423692250697
"BEV","2022","Oman","NMC 622",7.50052076494184,0.608078020311788
"BEV","2022","Oman","NMC 532",2.06368845589816,0.167306195146914
"BEV","2022","Oman","NMC 811",2.43456160324261,0.197373415316228
"BEV","2022","Pakistan","NMC 111",0.0548437784945794,0.0634472217660568
"BEV","2022","Pakistan","NMC 622",0.391694329748825,0.45314013159281
"BEV","2022","Pakistan","NMC 532",0.185030833669115,0.214056957044326
"BEV","2022","Pakistan","NMC 811",0.23283105808748,0.269355689596808
"BEV","2022","Panama","NMC 111",0.180069560094246,0.0166518300777012
"BEV","2022","Panama","LFP",4.8591,0.449342506796871
"BEV","2022","Panama","NMC 622",2.29405700747355,0.21214161603447
"BEV","2022","Panama","NMC 532",1.1751150497875,0.108668095376972
"BEV","2022","Panama","NMC 811",1.6654583826447,0.154012315989264
"BEV","2022","Panama","NCA",0.64,0.0591836357247221
"BEV","2022","Paraguay","NMC 111",0.334601613427654,0.032642467531111
"BEV","2022","Paraguay","LFP",0.5736,0.0559582459392225
"BEV","2022","Paraguay","NMC 622",6.792925111981,0.662692074726209
"BEV","2022","Paraguay","NMC 532",1.12887217436466,0.110128498547843
"BEV","2022","Paraguay","NMC 811",1.42050110022668,0.138578713255615
"BEV","2022","Peru","NMC 111",0.0502501996387169,0.0081148181058583
"BEV","2022","Peru","LFP",0.4024,0.0649828822427492
"BEV","2022","Peru","NMC 622",5.35688698422151,0.865074443547172
"BEV","2022","Peru","NMC 532",0.169533109979106,0.0273776096471652
"BEV","2022","Peru","NMC 811",0.213329706160672,0.0344502464570557
"BEV","2022","Philippines","NMC 111",0.0603065842886369,0.00381883017804298
"BEV","2022","Philippines","LFP",0.6036,0.0382221265332227
"BEV","2022","Philippines","NMC 622",14.195509695079,0.898910814726472
"BEV","2022","Philippines","NMC 532",0.676461137670632,0.042835956260528
"BEV","2022","Philippines","NMC 811",0.256022582961766,0.0162122723017348
"BEV","2022","Poland","NMC 111",25.2484475631939,0.0293648299860143
"BEV","2022","Poland","LFP",28.2178,0.0328182910060288
"BEV","2022","Poland","NMC 622",311.801841840582,0.362636477037189
"BEV","2022","Poland","NMC 532",160.330703119743,0.186470230570241
"BEV","2022","Poland","NMC 811",145.327507476481,0.169020987870918
"BEV","2022","Poland","NMC 721",117.493,0.136648479511916
"BEV","2022","Poland","NMCA 89:4:4:3",64,0.074434244497652
"BEV","2022","Poland","NCA",7.4,0.00860645952004101
"BEV","2022","Portugal","NMC 111",31.4656979265494,0.0257491455683969
"BEV","2022","Portugal","LMO",0.0366,2.99506697738986e-05
"BEV","2022","Portugal","LFP",30.533,0.024985896180504
"BEV","2022","Portugal","NMC 622",411.85185116148,0.337028382237878
"BEV","2022","Portugal","NMC 532",291.896336991778,0.238865868782824
"BEV","2022","Portugal","NMC 811",177.852913920193,0.145541363200801
"BEV","2022","Portugal","NMC 721",105.393,0.0862456540841666
"BEV","2022","Portugal","NMCA 89:4:4:3",168.88,0.13819860960153
"BEV","2022","Portugal","NCA",4.1,0.00335512967412526
"BEV","2022","Qatar","NMC 111",0.416385082284101,0.0330692686445483
"BEV","2022","Qatar","NMC 622",6.52042274160413,0.517851432465602
"BEV","2022","Qatar","NMC 532",3.1427915919948,0.249600247154368
"BEV","2022","Qatar","NMC 811",2.51170058411697,0.199479051735482
"BEV","2022","Romania","NMC 111",16.9470892039891,0.0349354144618478
"BEV","2022","Romania","LFP",25.9632,0.0535215895684519
"BEV","2022","Romania","NMC 622",188.590330791137,0.388767728214619
"BEV","2022","Romania","NMC 532",80.2507477284118,0.165432134039002
"BEV","2022","Romania","NMC 811",83.5243322764622,0.172180433501256
"BEV","2022","Romania","NMC 721",42.702,0.0880276282489074
"BEV","2022","Romania","NMCA 89:4:4:3",47.12,0.0971350719659153
"BEV","2022","Russian Federation","NMC 111",2.24284659998575,0.0438074800086284
"BEV","2022","Russian Federation","NMC 622",28.7464130237795,0.561477505357252
"BEV","2022","Russian Federation","NMC 532",7.56687062012551,0.147796792442752
"BEV","2022","Russian Federation","NMC 811",9.52166975610923,0.18597810367065
"BEV","2022","Russian Federation","NMCA 89:4:4:3",3.12,0.0609401185207177
"BEV","2022","Rwanda","NMC 721",0.075,1
"BEV","2022","Saudi Arabia","NMC 111",1.04667612803029,0.0299282907868482
"BEV","2022","Saudi Arabia","NMC 622",24.3993621228603,0.69766681886667
"BEV","2022","Saudi Arabia","NMC 532",3.53125480896883,0.100971463793829
"BEV","2022","Saudi Arabia","NMC 811",5.99550694014062,0.171433426552653
"BEV","2022","Serbia","NMC 111",0.286971784047875,0.0289712463956907
"BEV","2022","Serbia","NMC 622",4.65895281519428,0.470344742786185
"BEV","2022","Serbia","NMC 532",0.968179616711485,0.0977426067308221
"BEV","2022","Serbia","NMC 811",1.21829578404636,0.122993093065031
"BEV","2022","Serbia","NMC 721",2.773,0.279948311022271
"BEV","2022","Singapore","NMC 111",5.13115447644195,0.0219692545725456
"BEV","2022","Singapore","LFP",58.3921,0.25000824196879
"BEV","2022","Singapore","NMC 622",66.770511234279,0.285880763477242
"BEV","2022","Singapore","NMC 532",32.9713854756543,0.14116837925068
"BEV","2022","Singapore","NMC 811",24.6955488136247,0.105735035104899
"BEV","2022","Singapore","NMCA 89:4:4:3",45.6,0.195238325625844
"BEV","2022","Slovak Republic","NMC 111",2.85846230333745,0.0271895800596728
"BEV","2022","Slovak Republic","LFP",3.223,0.0306570481723719
"BEV","2022","Slovak Republic","NMC 622",32.5923410925982,0.310017055825678
"BEV","2022","Slovak Republic","NMC 532",18.1518224629352,0.172659415346741
"BEV","2022","Slovak Republic","NMC 811",18.7901741411291,0.178731391192012
"BEV","2022","Slovak Republic","NMC 721",28.075,0.267048286515465
"BEV","2022","Slovak Republic","NMCA 89:4:4:3",1.44,0.0136972228880594
"BEV","2022","Slovenia","NMC 111",2.53564283899175,0.0167523971920702
"BEV","2022","Slovenia","LFP",2.738,0.0180893234672304
"BEV","2022","Slovenia","NMC 622",36.354964103054,0.240188716325674
"BEV","2022","Slovenia","NMC 532",23.5487006654937,0.155580739069065
"BEV","2022","Slovenia","NMC 811",11.7486923924606,0.0776208535442691
"BEV","2022","Slovenia","NMC 721",47.154,0.311535412262156
"BEV","2022","Slovenia","NMCA 89:4:4:3",25.68,0.169661733615222
"BEV","2022","Slovenia","NCA",1.6,0.0105708245243129
"BEV","2022","South Africa","NMC 111",1.953508234566,0.0566620229595813
"BEV","2022","South Africa","NMC 622",17.1589580816768,0.497700116939852
"BEV","2022","South Africa","NMC 532",6.59070667891627,0.191165190170588
"BEV","2022","South Africa","NMC 811",8.77332700484091,0.254472669929979
"BEV","2022","Spain","NMC 111",51.9940148053461,0.0246827297918556
"BEV","2022","Spain","LMO",0.0366,1.7374844273211e-05
"BEV","2022","Spain","LFP",79.9936,0.0379747634659434
"BEV","2022","Spain","NMC 622",643.796014168268,0.305624466936819
"BEV","2022","Spain","NMC 532",560.736658414991,0.266194320170524
"BEV","2022","Spain","NMC 811",250.163812611395,0.118758395817369
"BEV","2022","Spain","NMC 721",236.673,0.11235400324245
"BEV","2022","Spain","NMCA 89:4:4:3",277.6,0.131782971864573
"BEV","2022","Spain","NCA",5.5,0.00261097386619291
"BEV","2022","Sweden","NMC 111",193.450553785818,0.0281825986180992
"BEV","2022","Sweden","LFP",162.6792,0.0236997129622567
"BEV","2022","Sweden","NMC 622",2086.21867997043,0.303928122905676
"BEV","2022","Sweden","NMC 532",1238.59787640537,0.180443560986702
"BEV","2022","Sweden","NMC 811",941.32908983839,0.137136334775387
"BEV","2022","Sweden","NMC 721",1586.249,0.23109067407921
"BEV","2022","Sweden","NMCA 89:4:4:3",616.16,0.0897644882617081
"BEV","2022","Sweden","NCA",39.5,0.00575450741096058
"BEV","2022","Switzerland","NMC 111",67.4117404522753,0.0229156011245981
"BEV","2022","Switzerland","LFP",97.0568,0.032992990543012
"BEV","2022","Switzerland","NMC 622",719.957628657426,0.244738701808258
"BEV","2022","Switzerland","NMC 532",397.019370222328,0.134960727400221
"BEV","2022","Switzerland","NMC 811",335.861460667971,0.114171021459399
"BEV","2022","Switzerland","NMC 721",760.033,0.258361717894851
"BEV","2022","Switzerland","NMCA 89:4:4:3",537.2,0.182613011347026
"BEV","2022","Switzerland","NCA",27.2,0.00924622842263422
"BEV","2022","Thailand","NMC 111",12.7071968858615,0.0242370361157361
"BEV","2022","Thailand","LFP",205.1605,0.391312300634536
"BEV","2022","Thailand","NMC 622",126.952914927382,0.242143283977638
"BEV","2022","Thailand","NMC 532",92.7812845454461,0.176966121213908
"BEV","2022","Thailand","NMC 811",55.3165036413107,0.105507777096176
"BEV","2022","Thailand","NMC 721",0.13,0.000247955133090871
"BEV","2022","Thailand","NMCA 89:4:4:3",31.04,0.0592040563933896
"BEV","2022","Thailand","NCA",0.2,0.000381469435524417
"BEV","2022","Tunisia","NMC 111",0.0114204999178902,0.00359361230896483
"BEV","2022","Tunisia","NMC 622",1.21956522368671,0.383752430360826
"BEV","2022","Tunisia","NMC 532",1.89853025226798,0.597397813803643
"BEV","2022","Tunisia","NMC 811",0.0484840241274254,0.0152561435265656
"BEV","2022","Turkey","NMC 111",19.0970998290868,0.0328176454267368
"BEV","2022","Turkey","LFP",20.7702,0.0356928049359735
"BEV","2022","Turkey","NMC 622",249.60100917437,0.428929915565711
"BEV","2022","Turkey","NMC 532",80.94141020899,0.139094759117972
"BEV","2022","Turkey","NMC 811",206.385880787553,0.354666348156938
"BEV","2022","Turkey","NMCA 89:4:4:3",5.12,0.00879852679666948
"BEV","2022","Ukraine","NMC 111",0.892048903864228,0.031402764272662
"BEV","2022","Ukraine","LFP",0.2996,0.0105468076193292
"BEV","2022","Ukraine","NMC 622",16.4714143081554,0.579842583198873
"BEV","2022","Ukraine","NMC 532",5.08157659895611,0.178886551375419
"BEV","2022","Ukraine","NMC 811",4.02706018902424,0.141764449549727
"BEV","2022","Ukraine","NMC 721",0.675,0.023761999809904
"BEV","2022","Ukraine","NMCA 89:4:4:3",0.64,0.0225298961160571
"BEV","2022","Ukraine","NCA",0.32,0.0112649480580286
"BEV","2022","United Arab Emirates","NMC 111",1.97674895189891,0.00597302386067976
"BEV","2022","United Arab Emirates","NMC 622",50.9352433118793,0.153907972663462
"BEV","2022","United Arab Emirates","NMC 532",7.3301157422816,0.022148971516152
"BEV","2022","United Arab Emirates","NMC 811",16.3039919939402,0.0492647956689631
"BEV","2022","United Arab Emirates","NMCA 89:4:4:3",254.4,0.768705236290743
"BEV","2022","United Kingdom","NMC 111",429.299136147086,0.0223023969829709
"BEV","2022","United Kingdom","LFP",732.675,0.038062989961153
"BEV","2022","United Kingdom","NMC 622",6377.64612930255,0.331323275115746
"BEV","2022","United Kingdom","NMC 532",3734.34776643729,0.194002035753037
"BEV","2022","United Kingdom","NMC 811",2002.53826811307,0.104033294429334
"BEV","2022","United Kingdom","NMC 721",2540.427,0.131976998530101
"BEV","2022","United Kingdom","NMCA 89:4:4:3",3432.08,0.178299009227657
"BEV","2022","United States","NMC 111",1112.9336112453,0.0169194411115536
"BEV","2022","United States","LFP",3668.115,0.0557647420347584
"BEV","2022","United States","NMC 622",12723.1841449877,0.193424983051504
"BEV","2022","United States","NMC 532",3754.79296940583,0.0570824691518233
"BEV","2022","United States","NMC 811",6003.20617436116,0.0912641080486079
"BEV","2022","United States","NMC 721",1170.779,0.0177988391625433
"BEV","2022","United States","NCA",37345.38,0.56774541743921
"BEV","2022","Uruguay","NMC 111",0.941474289619986,0.0118988098289506
"BEV","2022","Uruguay","LFP",35.4711,0.44830100829843
"BEV","2022","Uruguay","NMC 622",25.2223104706662,0.318771823135333
"BEV","2022","Uruguay","NMC 532",6.78862696849364,0.0857979683443031
"BEV","2022","Uruguay","NMC 811",4.71188827122015,0.0595511349514827
"BEV","2022","Uruguay","NCA",5.988,0.0756792554415002
"BEV","2022","Vietnam","NMC 111",18.1094232725768,0.038820395338782
"BEV","2022","Vietnam","NMC 622",130.549522059878,0.27985342113727
"BEV","2022","Vietnam","NMC 532",61.0972069643767,0.130971466774657
"BEV","2022","Vietnam","NMC 811",77.3608477031688,0.165835137120466
"BEV","2022","Vietnam","NMCA 89:4:4:3",3.2,0.00685970299629683
"BEV","2022","Vietnam","NCA",176.1755,0.377659876632529
"BEV","2022","Zambia","NMC 622",2.106,1
"BEV","2022","Zimbabwe","LFP",4.9379,0.799025874205084
"BEV","2022","Zimbabwe","NMC 622",1.242,0.200974125794916
"PHEV","2022","Argentina","NMC 111",0.0282403584080719,0.0523357272202963
"PHEV","2022","Argentina","NMC 622",0.20169267257196,0.373781824632987
"PHEV","2022","Argentina","NMC 532",0.0952767515804294,0.176569220868105
"PHEV","2022","Argentina","NMC 811",0.214390217439539,0.397313227278612
"PHEV","2022","Australia","NMC 111",15.8558031078004,0.141779745147389
"PHEV","2022","Australia","LMO",14.421,0.128949993315989
"PHEV","2022","Australia","NMC 622",51.209512366174,0.457906267064226
"PHEV","2022","Australia","NMC 532",15.4131797612456,0.137821886636902
"PHEV","2022","Australia","NMC 811",14.93455476478,0.133542107835493
"PHEV","2022","Austria","NMC 111",54.5376684400712,0.278269169529862
"PHEV","2022","Austria","LMO",7.2588,0.0370367913693071
"PHEV","2022","Austria","NMC 622",70.8237204251273,0.36136597748713
"PHEV","2022","Austria","NMC 532",31.2428796496197,0.1594114750867
"PHEV","2022","Austria","NMC 811",32.1258314851818,0.163916586527001
"PHEV","2022","Bahrain","NMC 111",0.0268997707341173,0.0441776494237434
"PHEV","2022","Bahrain","NMC 622",0.476857978621436,0.783146622797563
"PHEV","2022","Bahrain","NMC 532",0.0465573881571408,0.0764614684794561
"PHEV","2022","Bahrain","NMC 811",0.0585848624873056,0.0962142592992374
"PHEV","2022","Belarus","NMC 111",0.117625794484058,0.167892941027774
"PHEV","2022","Belarus","NMC 622",0.330584462704606,0.471859067520134
"PHEV","2022","Belarus","NMC 532",0.111759137272842,0.159519179664348
"PHEV","2022","Belarus","NMC 811",0.140630605538493,0.200728811787744
"PHEV","2022","Belgium","NMC 111",274.232888198798,0.295733257944558
"PHEV","2022","Belgium","LMO",0.0138,1.48819457302889e-05
"PHEV","2022","Belgium","NMC 622",365.575979513807,0.394237817929107
"PHEV","2022","Belgium","NMC 532",135.513619374619,0.146138139800588
"PHEV","2022","Belgium","NMC 811",151.961812912776,0.163875902380017
"PHEV","2022","Bosnia and Herzegovina","NMC 111",0.528299544901761,0.267886793216247
"PHEV","2022","Bosnia and Herzegovina","NMC 622",0.878723410471953,0.445577511521704
"PHEV","2022","Bosnia and Herzegovina","NMC 532",0.296447149691638,0.150320546469062
"PHEV","2022","Bosnia and Herzegovina","NMC 811",0.268629894934648,0.136215148792986
"PHEV","2022","Brazil","NMC 111",5.41926388341827,0.125363508328281
"PHEV","2022","Brazil","NMC 622",29.1193010661581,0.673615055522713
"PHEV","2022","Brazil","NMC 532",7.91988181171121,0.183210153781107
"PHEV","2022","Brazil","NMC 811",0.769953238712474,0.0178112823678987
"PHEV","2022","Bulgaria","NMC 111",1.65720391982058,0.206592689715342
"PHEV","2022","Bulgaria","LMO",0.0552,0.00688142016555301
"PHEV","2022","Bulgaria","NMC 622",3.81397513868296,0.475463141852369
"PHEV","2022","Bulgaria","NMC 532",1.09262778630268,0.136210704385992
"PHEV","2022","Bulgaria","NMC 811",1.40259315519378,0.174852043880744
"PHEV","2022","Canada","NMC 111",107.966081987897,0.24238575776057
"PHEV","2022","Canada","NMC 622",227.131774360424,0.509914838310292
"PHEV","2022","Canada","NMC 532",54.8000158053501,0.123027001737083
"PHEV","2022","Canada","NMC 811",55.532927846329,0.124672402192055
"PHEV","2022","Chile","NMC 111",1.20234758497413,0.137426858495157
"PHEV","2022","Chile","LMO",0.0138,0.00157732312264259
"PHEV","2022","Chile","NMC 622",4.48934817038882,0.513127005416485
"PHEV","2022","Chile","NMC 532",1.70457621456156,0.194830976632936
"PHEV","2022","Chile","NMC 811",1.33892803007549,0.15303783633278
"PHEV","2022","China","NMC 111",863.509315375894,0.0265661946191716
"PHEV","2022","China","LFP",16879.2362,0.519296162678877
"PHEV","2022","China","NMC 622",5193.83470930281,0.159790312912933
"PHEV","2022","China","NMC 532",2029.94635852151,0.0624520767369902
"PHEV","2022","China","NMC 811",7537.53836679978,0.231895253052027
"PHEV","2022","Colombia","NMC 111",6.76142121688317,0.150232104626735
"PHEV","2022","Colombia","LMO",0.0276,0.0006132447535356
"PHEV","2022","Colombia","LFP",9.6473,0.214353482274783
"PHEV","2022","Colombia","NMC 622",17.3265669695279,0.384979213436458
"PHEV","2022","Colombia","NMC 532",2.20162621952534,0.0489179611728381
"PHEV","2022","Colombia","NMC 811",9.04198559406356,0.200903993735651
"PHEV","2022","Costa Rica","NMC 111",0.5184,0.545569353820248
"PHEV","2022","Costa Rica","NMC 622",0.4318,0.454430646179752
"PHEV","2022","Croatia","NMC 111",2.88763228688253,0.277983046158236
"PHEV","2022","Croatia","LMO",0.2484,0.0239126667821868
"PHEV","2022","Croatia","NMC 622",3.98482560705154,0.383606308077893
"PHEV","2022","Croatia","NMC 532",1.75418668215234,0.168869893736146
"PHEV","2022","Croatia","NMC 811",1.51275542391359,0.145628085245537
"PHEV","2022","Cyprus","NMC 111",0.0815222550391762,0.0314054453498637
"PHEV","2022","Cyprus","NMC 622",1.94005462896306,0.747382166947785
"PHEV","2022","Cyprus","NMC 532",0.242312475374177,0.093347898672539
"PHEV","2022","Cyprus","NMC 811",0.331910640623586,0.127864489029812
"PHEV","2022","Czechia","NMC 111",16.805351380234,0.301003408140517
"PHEV","2022","Czechia","LMO",1.0074,0.0180437068228998
"PHEV","2022","Czechia","NMC 622",23.0721209404385,0.413248546785547
"PHEV","2022","Czechia","NMC 532",6.34384173505199,0.113625591024572
"PHEV","2022","Czechia","NMC 811",8.60238594427544,0.154078747226464
"PHEV","2022","Denmark","NMC 111",74.7347881947319,0.191755228432689
"PHEV","2022","Denmark","LMO",1.6008,0.00410734782408451
"PHEV","2022","Denmark","NMC 622",181.672903836114,0.466138059886542
"PHEV","2022","Denmark","NMC 532",60.4458156959229,0.155092447259909
"PHEV","2022","Denmark","NMC 811",71.2862422732312,0.182906916596775
"PHEV","2022","Dominican Republic","NMC 111",0.00685229995073413,0.0634472217660568
"PHEV","2022","Dominican Republic","NMC 622",0.0489391342120235,0.45314013159281
"PHEV","2022","Dominican Republic","NMC 532",0.0231181513607872,0.214056957044326
"PHEV","2022","Dominican Republic","NMC 811",0.0290904144764552,0.269355689596808
"PHEV","2022","Ecuador","NMC 111",0.0924088408781018,0.0915664297246351
"PHEV","2022","Ecuador","NMC 622",0.429863979217607,0.425945282617526
"PHEV","2022","Ecuador","NMC 532",0.349340293658242,0.346155661571781
"PHEV","2022","Ecuador","NMC 811",0.137586886246049,0.136332626086058
"PHEV","2022","Egypt, Arab Rep.","NMC 111",0.00394641719384873,0.0634472217660568
"PHEV","2022","Egypt, Arab Rep.","NMC 622",0.0281853161850728,0.45314013159281
"PHEV","2022","Egypt, Arab Rep.","NMC 532",0.0133143427281571,0.214056957044326
"PHEV","2022","Egypt, Arab Rep.","NMC 811",0.0167539238929214,0.269355689596808
"PHEV","2022","Estonia","NMC 111",1.12842471169221,0.198890424367635
"PHEV","2022","Estonia","NMC 622",2.55439991129143,0.450225590681654
"PHEV","2022","Estonia","NMC 532",0.915752027518376,0.161405814212912
"PHEV","2022","Estonia","NMC 811",1.07502334949798,0.189478170737799
"PHEV","2022","Fiji","NMC 622",0.0267,1
"PHEV","2022","Finland","NMC 111",47.764583976472,0.191597068543218
"PHEV","2022","Finland","LMO",11.9508,0.047937992046035
"PHEV","2022","Finland","NMC 622",124.294082998367,0.498578234272597
"PHEV","2022","Finland","NMC 532",29.7481840974501,0.119328263601395
"PHEV","2022","Finland","NMC 811",35.5393989277105,0.142558441536755
"PHEV","2022","France","NMC 111",301.629902131552,0.166719992502518
"PHEV","2022","France","LMO",21.0036,0.011609326561392
"PHEV","2022","France","NMC 622",815.703833535695,0.450864241410768
"PHEV","2022","France","NMC 532",278.204856539648,0.153772259542839
"PHEV","2022","France","NMC 811",392.658357793105,0.217034179982482
"PHEV","2022","Georgia","NMC 111",0.00954246215361494,0.0323144671642903
"PHEV","2022","Georgia","NMC 622",0.213052275791559,0.721477398549132
"PHEV","2022","Georgia","NMC 532",0.0321941663394666,0.109021897526131
"PHEV","2022","Georgia","NMC 811",0.0405110957153599,0.137186236760447
"PHEV","2022","Germany","NMC 111",1594.12209302417,0.302257944774226
"PHEV","2022","Germany","LMO",260.1576,0.0493279039525883
"PHEV","2022","Germany","NMC 622",1815.41323639598,0.344216466323483
"PHEV","2022","Germany","NMC 532",707.655584642028,0.134177001597242
"PHEV","2022","Germany","NMC 811",896.696785937827,0.170020683352459
"PHEV","2022","Greece","NMC 111",13.1963467725811,0.176917495717694
"PHEV","2022","Greece","LMO",0.7176,0.00962054098114503
"PHEV","2022","Greece","NMC 622",38.4393443961366,0.515339030171934
"PHEV","2022","Greece","NMC 532",9.37177202926325,0.125643139455791
"PHEV","2022","Greece","NMC 811",12.865336802019,0.172479793673436
"PHEV","2022","Hungary","NMC 111",19.5453649918749,0.281926802694949
"PHEV","2022","Hungary","LMO",1.6146,0.0232893586699708
"PHEV","2022","Hungary","NMC 622",29.0020031630811,0.418331508616761
"PHEV","2022","Hungary","NMC 532",9.58109651190212,0.138199921415394
"PHEV","2022","Hungary","NMC 811",9.58473533314192,0.138252408602926
"PHEV","2022","Iceland","NMC 111",6.36932047404507,0.0870471796034362
"PHEV","2022","Iceland","LMO",20.2998,0.277429961911088
"PHEV","2022","Iceland","NMC 622",27.5188956292771,0.37609070859149
"PHEV","2022","Iceland","NMC 532",8.2226381580866,0.112375796362852
"PHEV","2022","Iceland","NMC 811",10.7602457385913,0.147056353531134
"PHEV","2022","India","NMC 111",0.051828463235349,0.128479085858575
"PHEV","2022","India","NMC 622",0.247734500266136,0.614116262434644
"PHEV","2022","India","NMC 532",0.0459794343731212,0.113979757989889
"PHEV","2022","India","NMC 811",0.0578576021253943,0.143424893716892
"PHEV","2022","Indonesia","LMO",0.138,0.129032258064516
"PHEV","2022","Indonesia","NMC 811",0.9315,0.870967741935484
"PHEV","2022","Iraq","NMC 111",0.0131,1
"PHEV","2022","Ireland","NMC 111",31.8725735433137,0.265169018440643
"PHEV","2022","Ireland","NMC 622",53.351656335703,0.443867713521638
"PHEV","2022","Ireland","NMC 532",14.7028924497201,0.122323086142773
"PHEV","2022","Ireland","NMC 811",20.2700776712633,0.168640181894947
"PHEV","2022","Israel","NMC 111",10.6394825922756,0.0766855152992924
"PHEV","2022","Israel","LMO",0.1932,0.00139251523063534
"PHEV","2022","Israel","NMC 622",71.5127245662816,0.515437671546464
"PHEV","2022","Israel","NMC 532",24.9096404509709,0.179539615515667
"PHEV","2022","Israel","NMC 811",31.4867023904719,0.226944682407941
"PHEV","2022","Italy","NMC 111",157.71451867571,0.159982932676422
"PHEV","2022","Italy","LMO",6.072,0.00615933381002574
"PHEV","2022","Italy","NMC 622",455.712646979221,0.462267179544703
"PHEV","2022","Italy","NMC 532",159.658250584918,0.161954621356595
"PHEV","2022","Italy","NMC 811",206.663483760151,0.209635932612254
"PHEV","2022","Jamaica","NMC 111",0.0113824315848306,0.0634472217660568
"PHEV","2022","Jamaica","NMC 622",0.0812933396077501,0.45314013159281
"PHEV","2022","Jamaica","NMC 532",0.038401818093752,0.214056957044326
"PHEV","2022","Jamaica","NMC 811",0.0483224107136673,0.269355689596808
"PHEV","2022","Japan","NMC 111",74.7981690221666,0.143997443832964
"PHEV","2022","Japan","LMO",66.4056,0.127840517772039
"PHEV","2022","Japan","NMC 622",233.194609688075,0.448933819499743
"PHEV","2022","Japan","NMC 532",64.9937174676416,0.125122436857629
"PHEV","2022","Japan","NMC 811",80.0488538221167,0.154105782037625
"PHEV","2022","Jordan","NMC 111",0.866931933125322,0.540987165756831
"PHEV","2022","Jordan","NMC 622",0.251131900006321,0.156712574106909
"PHEV","2022","Jordan","NMC 532",0.361609972412213,0.225653648931178
"PHEV","2022","Jordan","NMC 811",0.122826194456144,0.0766466112050822
"PHEV","2022","Kazakhstan","NMC 111",0.594363916054109,0.444184975752267
"PHEV","2022","Kazakhstan","NMC 622",0.388959542575963,0.290680474236577
"PHEV","2022","Kazakhstan","NMC 532",0.157096400774831,0.117402586334975
"PHEV","2022","Kazakhstan","NMC 811",0.197680140595097,0.14773196367618
"PHEV","2022","Korea, Rep.","NMC 111",74.02324169946,0.347794415139248
"PHEV","2022","Korea, Rep.","NMC 622",60.7704182196528,0.28552670184702
"PHEV","2022","Korea, Rep.","NMC 532",20.7439241851191,0.0974642668170128
"PHEV","2022","Korea, Rep.","NMC 811",57.2986158957681,0.269214616196719
"PHEV","2022","Kuwait","NMC 111",0.0646064546296849,0.0438247555485584
"PHEV","2022","Kuwait","NMC 622",1.01715915882704,0.68997365271133
"PHEV","2022","Kuwait","NMC 532",0.173771437728584,0.117875076467632
"PHEV","2022","Kuwait","NMC 811",0.218662948814688,0.148326515272479
"PHEV","2022","Latvia","NMC 111",1.19689086716816,0.307636577177854
"PHEV","2022","Latvia","NMC 622",1.46717647186063,0.377108022377174
"PHEV","2022","Latvia","NMC 532",0.826065717394037,0.212323476428838
"PHEV","2022","Latvia","NMC 811",0.400466943577174,0.102931924016135
"PHEV","2022","Lebanon","NMC 111",0.158681587509735,0.121436892561211
"PHEV","2022","Lebanon","NMC 622",0.706465141323935,0.540648305903371
"PHEV","2022","Lebanon","NMC 532",0.161779867959246,0.123807965071742
"PHEV","2022","Lebanon","NMC 811",0.279773403207084,0.214106836463675
"PHEV","2022","Lithuania","NMC 111",1.74810567494187,0.166027702055453
"PHEV","2022","Lithuania","NMC 622",5.61246454395932,0.533048204384017
"PHEV","2022","Lithuania","NMC 532",1.42841000940887,0.13566435648294
"PHEV","2022","Lithuania","NMC 811",1.74001977168994,0.165259737077589
"PHEV","2022","Luxembourg","NMC 111",15.3346017146646,0.240669996761655
"PHEV","2022","Luxembourg","LMO",0.0276,0.000433170162109225
"PHEV","2022","Luxembourg","NMC 622",26.5103819700139,0.416069074475667
"PHEV","2022","Luxembourg","NMC 532",8.68250606306043,0.136268208653993
"PHEV","2022","Luxembourg","NMC 811",13.161210252261,0.206559549946575
"PHEV","2022","Macedonia, FYR","NMC 111",0.0405246876575326,0.0951954138067479
"PHEV","2022","Macedonia, FYR","NMC 622",0.173747738687865,0.40814596825902
"PHEV","2022","Macedonia, FYR","NMC 532",0.140425413876884,0.329869424188124
"PHEV","2022","Macedonia, FYR","NMC 811",0.0710021597777185,0.166789193746109
"PHEV","2022","Madagascar","NMC 111",0.0016750066546239,0.0634472217660568
"PHEV","2022","Madagascar","NMC 622",0.0119628994740502,0.45314013159281
"PHEV","2022","Madagascar","NMC 532",0.0056511036659702,0.214056957044326
"PHEV","2022","Madagascar","NMC 811",0.00711099020535572,0.269355689596808
"PHEV","2022","Malaysia","NMC 111",17.2850942211333,0.591442832789853
"PHEV","2022","Malaysia","NMC 622",5.94385314826522,0.203380398088821
"PHEV","2022","Malaysia","NMC 532",5.1893360490005,0.17756314046393
"PHEV","2022","Malaysia","NMC 811",0.807016581600995,0.027613628657396
"PHEV","2022","Malta","NMC 111",0.191492429092923,0.152462125073984
"PHEV","2022","Malta","NMC 622",0.691989785405419,0.550947281373741
"PHEV","2022","Malta","NMC 532",0.164952291098357,0.131331441957291
"PHEV","2022","Malta","NMC 811",0.2075654944033,0.165259151594984
"PHEV","2022","Mauritius","NMC 111",0.211648474569452,0.402909717436612
"PHEV","2022","Mauritius","NMC 622",0.151756630070432,0.288895164801889
"PHEV","2022","Mauritius","NMC 532",0.0716876749141447,0.136469969377774
"PHEV","2022","Mauritius","NMC 811",0.0902072204459708,0.171725148383725
"PHEV","2022","Mexico","NMC 111",3.16405109780052,0.228317813971649
"PHEV","2022","Mexico","LMO",2.7324,0.197169886203736
"PHEV","2022","Mexico","NMC 622",5.41402640623417,0.390675951698586
"PHEV","2022","Mexico","NMC 532",1.45541846179634,0.105022944111844
"PHEV","2022","Mexico","NMC 811",1.09220403416897,0.0788134040141848
"PHEV","2022","Moldova","NMC 111",0.122339610506381,0.163906230581968
"PHEV","2022","Moldova","NMC 622",0.571948506185705,0.766276133689315
"PHEV","2022","Moldova","NMC 532",0.0230753399693783,0.0309155144284275
"PHEV","2022","Moldova","NMC 811",0.0290365433385359,0.0389021213002892
"PHEV","2022","Morocco","NMC 111",0.869725977380002,0.381007568835152
"PHEV","2022","Morocco","NMC 622",0.76793819474893,0.336416609606576
"PHEV","2022","Morocco","NMC 532",0.342657666542652,0.150110687581659
"PHEV","2022","Morocco","NMC 811",0.302378161328416,0.132465133976614
"PHEV","2022","Nepal","NMC 111",0.785022866414863,0.521263523515846
"PHEV","2022","Nepal","NMC 622",0.250133352639231,0.166091203611707
"PHEV","2022","Nepal","NMC 532",0.322159440288468,0.213917291028199
"PHEV","2022","Nepal","NMC 811",0.148684340657438,0.0987279818442482
"PHEV","2022","Netherlands","NMC 111",92.1596123746612,0.17539583867942
"PHEV","2022","Netherlands","LMO",14.3796,0.0273668902992048
"PHEV","2022","Netherlands","NMC 622",243.615652427035,0.4636431357715
"PHEV","2022","Netherlands","NMC 532",80.9357354148162,0.154034840495058
"PHEV","2022","Netherlands","NMC 811",94.3472497834878,0.179559294754818
"PHEV","2022","New Zealand","NMC 111",9.79576616047017,0.0958757203375714
"PHEV","2022","New Zealand","LMO",37.7706,0.369678432831073
"PHEV","2022","New Zealand","NMC 622",29.042098703738,0.284248530204
"PHEV","2022","New Zealand","NMC 532",11.181298872133,0.109436573527187
"PHEV","2022","New Zealand","NMC 811",14.3817362636588,0.140760743100168
"PHEV","2022","Norway","NMC 111",26.4127785264781,0.0975757994859362
"PHEV","2022","Norway","LMO",2.8704,0.0106040178455158
"PHEV","2022","Norway","NMC 622",188.539569653138,0.696515106322375
"PHEV","2022","Norway","NMC 532",22.7907156701943,0.0841949399661432
"PHEV","2022","Norway","NMC 811",30.0763861501898,0.11111013638003
"PHEV","2022","Oman","NMC 111",0.0880763727990537,0.0824376383368155
"PHEV","2022","Oman","NMC 622",0.695000695994637,0.650506080114786
"PHEV","2022","Oman","NMC 532",0.120364226946024,0.112658392873478
"PHEV","2022","Oman","NMC 811",0.164958704260285,0.15439788867492
"PHEV","2022","Panama","NMC 111",0.0193295666283488,0.0425480225145251
"PHEV","2022","Panama","NMC 622",0.284863771053796,0.627038897322906
"PHEV","2022","Panama","NMC 532",0.113980784391723,0.250893207994108
"PHEV","2022","Panama","NMC 811",0.0361258779261318,0.079519872168461
"PHEV","2022","Paraguay","NMC 111",0.0471899595554937,0.0354013199966195
"PHEV","2022","Paraguay","LFP",0.358,0.268567141785446
"PHEV","2022","Paraguay","NMC 622",0.619122718097172,0.464458153111157
"PHEV","2022","Paraguay","NMC 532",0.210237817799701,0.157717792797975
"PHEV","2022","Paraguay","NMC 811",0.0984495045476332,0.0738555923088021
"PHEV","2022","Peru","NMC 111",0.0760922530640319,0.0349688662978088
"PHEV","2022","Peru","NMC 622",1.52015095981926,0.698598786681644
"PHEV","2022","Peru","NMC 532",0.25671850858326,0.117977255782748
"PHEV","2022","Peru","NMC 811",0.323038278533451,0.148455091237799
"PHEV","2022","Philippines","NMC 111",0.0103355524256906,0.00929706973616141
"PHEV","2022","Philippines","LFP",0.6405,0.57614464333903
"PHEV","2022","Philippines","NMC 622",0.382116527436469,0.343722701660942
"PHEV","2022","Philippines","NMC 532",0.0348698783025207,0.0313662663511025
"PHEV","2022","Philippines","NMC 811",0.04387804183532,0.0394693189127642
"PHEV","2022","Poland","NMC 111",31.4622410343705,0.18683690041709
"PHEV","2022","Poland","LMO",6.486,0.0385167774533735
"PHEV","2022","Poland","NMC 622",81.022469273991,0.48114776715219
"PHEV","2022","Poland","NMC 532",21.2161699787633,0.12599113436401
"PHEV","2022","Poland","NMC 811",28.2072697128752,0.167507420613336
"PHEV","2022","Portugal","NMC 111",40.6869920337866,0.175187545194265
"PHEV","2022","Portugal","LMO",5.4648,0.0235299993713622
"PHEV","2022","Portugal","NMC 622",109.455553224778,0.471286981878776
"PHEV","2022","Portugal","NMC 532",36.4292462612551,0.156854805597008
"PHEV","2022","Portugal","NMC 811",40.21160848018,0.173140667958589
"PHEV","2022","Qatar","NMC 111",0.0523674855510125,0.0475592458005744
"PHEV","2022","Qatar","NMC 622",0.74954842744279,0.68072693437725
"PHEV","2022","Qatar","NMC 532",0.132479850714733,0.120315912010474
"PHEV","2022","Qatar","NMC 811",0.166704236291464,0.151397907811701
"PHEV","2022","Romania","NMC 111",10.1253060720083,0.196770076927649
"PHEV","2022","Romania","LMO",1.8216,0.0354000530534392
"PHEV","2022","Romania","NMC 622",23.824280088853,0.462989009170724
"PHEV","2022","Romania","NMC 532",6.78555458858595,0.131867035810798
"PHEV","2022","Romania","NMC 811",8.90080925055275,0.17297382503739
"PHEV","2022","Russian Federation","NMC 111",0.0506570526961242,0.0756640070143751
"PHEV","2022","Russian Federation","NMC 622",0.532312083555113,0.795088997095016
"PHEV","2022","Russian Federation","NMC 532",0.0383161953109343,0.0572310609573328
"PHEV","2022","Russian Federation","NMC 811",0.0482146684378285,0.0720159349332764
"PHEV","2022","Rwanda","LMO",1.7112,1
"PHEV","2022","Saudi Arabia","NMC 111",0.130934971102025,0.0739494923201316
"PHEV","2022","Saudi Arabia","NMC 622",1.04129685488558,0.58810395057358
"PHEV","2022","Saudi Arabia","NMC 532",0.264959701429466,0.149644019783953
"PHEV","2022","Saudi Arabia","NMC 811",0.333408472582928,0.188302537322336
"PHEV","2022","Serbia","NMC 111",0.664575811226832,0.322218575140282
"PHEV","2022","Serbia","NMC 622",0.799817714881787,0.387790407215412
"PHEV","2022","Serbia","NMC 532",0.338393717982139,0.164069681445886
"PHEV","2022","Serbia","NMC 811",0.259712755909242,0.12592133619842
"PHEV","2022","Singapore","NMC 111",2.13090383438995,0.29750631191265
"PHEV","2022","Singapore","NMC 622",2.61610515118252,0.365247733165216
"PHEV","2022","Singapore","NMC 532",1.09378869606752,0.152709397640158
"PHEV","2022","Singapore","NMC 811",1.32175231836001,0.184536557281976
"PHEV","2022","Slovak Republic","NMC 111",5.29187931198386,0.203940131183815
"PHEV","2022","Slovak Republic","LMO",0.4278,0.0164866927185701
"PHEV","2022","Slovak Republic","NMC 622",11.2648068522004,0.434126716003438
"PHEV","2022","Slovak Republic","NMC 532",3.78890153245995,0.146017894592301
"PHEV","2022","Slovak Republic","NMC 811",5.17481230335579,0.199428565501876
"PHEV","2022","Slovenia","NMC 111",0.885088562474651,0.0829589054714267
"PHEV","2022","Slovenia","LMO",0.759,0.0711406879745056
"PHEV","2022","Slovenia","NMC 622",4.47784250103156,0.419705923800878
"PHEV","2022","Slovenia","NMC 532",1.75441925016596,0.16444083327078
"PHEV","2022","Slovenia","NMC 811",2.79264968632783,0.26175364948241
"PHEV","2022","South Africa","NMC 111",0.043378865521453,0.018405051347725
"PHEV","2022","South Africa","NMC 622",1.98301190797,0.841364465174596
"PHEV","2022","South Africa","NMC 532",0.146350741531206,0.0620945910014025
"PHEV","2022","South Africa","NMC 811",0.184158484977337,0.078135892476277
"PHEV","2022","Spain","NMC 111",113.164602332205,0.165275229290272
"PHEV","2022","Spain","LMO",18.0642,0.026382497136171
"PHEV","2022","Spain","NMC 622",331.497981015909,0.484147902193217
"PHEV","2022","Spain","NMC 532",91.3018373322886,0.133344984109247
"PHEV","2022","Spain","NMC 811",130.675329319597,0.190849387271093
"PHEV","2022","Sweden","NMC 111",128.434661200257,0.127869707259642
"PHEV","2022","Sweden","LMO",4.0986,0.00408057122023476
"PHEV","2022","Sweden","NMC 622",570.593214218352,0.56808330854454
"PHEV","2022","Sweden","NMC 532",138.683366899327,0.138073331306947
"PHEV","2022","Sweden","NMC 811",162.608357682065,0.161893081668636
"PHEV","2022","Switzerland","NMC 111",67.71073728568,0.243980500818232
"PHEV","2022","Switzerland","LMO",8.2938,0.0298848536997721
"PHEV","2022","Switzerland","NMC 622",125.340849087602,0.451637721863104
"PHEV","2022","Switzerland","NMC 532",33.5452342812998,0.120872750587333
"PHEV","2022","Switzerland","NMC 811",42.6345793454179,0.153624173031559
"PHEV","2022","Thailand","NMC 111",33.2872674818747,0.189659260375707
"PHEV","2022","Thailand","LMO",5.6166,0.0320014312501389
"PHEV","2022","Thailand","NMC 622",53.0011135838307,0.301981891630837
"PHEV","2022","Thailand","NMC 532",34.167348889635,0.194673657816323
"PHEV","2022","Thailand","NMC 811",49.4385700446597,0.281683758926993
"PHEV","2022","Tunisia","NMC 111",0.0310012596704474,0.225792131612873
"PHEV","2022","Tunisia","NMC 622",0.0514314049357839,0.37459144162989
"PHEV","2022","Tunisia","NMC 532",0.024295464624531,0.176951672429213
"PHEV","2022","Tunisia","NMC 811",0.0305718707692377,0.222664754328024
"PHEV","2022","Turkey","NMC 111",0.468987574156788,0.0591357098562281
"PHEV","2022","Turkey","NMC 622",5.68502592564305,0.716837848568607
"PHEV","2022","Turkey","NMC 532",0.78672353422501,0.0991997596964972
"PHEV","2022","Turkey","NMC 811",0.989962965975147,0.124826681878667
"PHEV","2022","Ukraine","NMC 111",0.207883255908482,0.117981416520138
"PHEV","2022","Ukraine","NMC 622",1.33938484645353,0.760150310132535
"PHEV","2022","Ukraine","NMC 532",0.0950841003190895,0.0539637345738306
"PHEV","2022","Ukraine","NMC 811",0.119647797318902,0.0679045387734971
"PHEV","2022","United Arab Emirates","NMC 111",0.595741977853065,0.114819693139263
"PHEV","2022","United Arab Emirates","NMC 622",2.90632466307468,0.560147376520127
"PHEV","2022","United Arab Emirates","NMC 532",0.746759100344835,0.143925816776493
"PHEV","2022","United Arab Emirates","NMC 811",0.939674258727423,0.181107113564117
"PHEV","2022","United Kingdom","NMC 111",341.403716061887,0.216709673967454
"PHEV","2022","United Kingdom","NMC 622",713.637728438752,0.452989209504686
"PHEV","2022","United Kingdom","NMC 532",266.064449498564,0.168887265698983
"PHEV","2022","United Kingdom","NMC 811",254.290856000798,0.161413850828877
"PHEV","2022","United States","NMC 111",704.43771095032,0.224814101775664
"PHEV","2022","United States","LMO",15.6216,0.00498547411319151
"PHEV","2022","United States","NMC 622",1636.40691327942,0.522242555487413
"PHEV","2022","United States","NMC 532",379.422980425495,0.121088969558897
"PHEV","2022","United States","NMC 811",377.962745344766,0.120622950444713
"PHEV","2022","United States","NCA",19.5712,0.00624594862012174
"PHEV","2022","Uruguay","NMC 111",0.317666106522191,0.0676806942479527
"PHEV","2022","Uruguay","LFP",1.8341,0.390766149650588
"PHEV","2022","Uruguay","NMC 622",1.25098884594233,0.266530775085718
"PHEV","2022","Uruguay","NMC 532",0.580491806280222,0.123677306604786
"PHEV","2022","Uruguay","NMC 811",0.710353241255261,0.151345074410956
"PHEV","2022","Vietnam","NMC 622",0.3572,1
